site_class	pos	gap_left	gap_right	verdict	reads	alt_fraction	segregation
demoted_repeat_indel	1099025	1086625	1142089	phantom	73	0.2192	0.5068
demoted_repeat_indel	1119161	1086625	1142089	phantom	65	0.6769	0.5538
demoted_repeat_indel	1143089	1086625	1142089	phantom	68	0.1029	0.5588
demoted_repeat_indel	1143103	1086625	1142089	ambiguous	68	0.6029	0.8235
demoted_repeat_indel	1143103	1086625	1142089	phantom	68	0.0441	0.5882
demoted_repeat_indel	2209956	2225498	2264116	informative	50	0.56	0.96
demoted_repeat_indel	2211314	2225498	2264116	informative	44	0.5	0.9773
demoted_repeat_indel	2211483	2225498	2264116	informative	44	0.4091	0.9091
demoted_repeat_indel	2219670	2225498	2264116	phantom	53	0.1887	0.566
demoted_repeat_indel	2225494	2225498	2264116	informative	62	0.5161	0.9355
demoted_repeat_indel	2239516	2225498	2264116	phantom	77	0.5455	0.5714
demoted_repeat_indel	3933520	3956345	3981464	ambiguous	57	0.4211	0.8947
demoted_repeat_indel	3934394	3956345	3981464	ambiguous	61	0.4754	0.8852
demoted_repeat_indel	3936627	3956345	3981464	phantom	58	0.2414	0.569
demoted_repeat_indel	3947817	3956345	3981464	informative	54	0.5	0.9815
demoted_repeat_indel	3947823	3956345	3981464	informative	54	0.4815	1.0
demoted_repeat_indel	3949273	3956345	3981464	informative	55	0.4364	0.9455
demoted_repeat_indel	3963989	3956345	3981464	phantom	60	0.5	0.5333
demoted_repeat_indel	3971337	3956345	3981464	phantom	74	0.7703	0.527
demoted_repeat_indel	3976638	3956345	3981464	phantom	78	0.2692	0.5385
demoted_repeat_indel	3977620	3956345	3981464	phantom	76	0.6974	0.5263
demoted_repeat_indel	4837399	4854217	4886360	informative	51	0.451	0.9804
demoted_repeat_indel	4839356	4854217	4886360	ambiguous	51	0.5882	0.8039
demoted_repeat_indel	4842128	4854217	4886360	informative	55	0.5636	1.0
demoted_repeat_indel	4842160	4854217	4886360	informative	55	0.4545	0.9818
demoted_repeat_indel	4843603	4854217	4886360	phantom	53	0.8868	0.6415
demoted_repeat_indel	4846576	4854217	4886360	ambiguous	56	0.4464	0.875
demoted_repeat_indel	4853036	4854217	4886360	informative	63	0.5873	0.9841
demoted_repeat_indel	4866154	4854217	4886360	ambiguous	57	0.7719	0.8772
demoted_repeat_indel	4867802	4854217	4886360	phantom	51	0.3137	0.5294
demoted_repeat_indel	4874099	4854217	4886360	phantom	47	0.1277	0.6383
demoted_repeat_indel	4874115	4854217	4886360	phantom	47	0.2128	0.6596
demoted_repeat_indel	4876656	4854217	4886360	phantom	48	0.3125	0.5208
demoted_repeat_indel	4878944	4854217	4886360	informative	46	0.4565	0.9565
demoted_repeat_indel	5185243	5174971	5239260	ambiguous	56	0.4107	0.8571
demoted_repeat_indel	5191487	5174971	5239260	phantom	54	0.3519	0.5
demoted_repeat_indel	5204037	5174971	5239260	phantom	61	0.3279	0.5246
demoted_repeat_indel	5207826	5174971	5239260	phantom	65	0.3385	0.5385
demoted_repeat_indel	5218537	5174971	5239260	phantom	76	0.2105	0.5658
demoted_repeat_indel	6120218	6129144	6184388	phantom	59	0.2034	0.5254
demoted_repeat_indel	6122851	6129144	6184388	phantom	60	0.2667	0.6
demoted_repeat_indel	6125291	6129144	6184388	phantom	64	0.4531	0.6406
demoted_repeat_indel	6138373	6129144	6184388	phantom	60	0.35	0.55
demoted_repeat_indel	6141419	6129144	6184388	phantom	68	0.3824	0.5441
demoted_repeat_indel	6145352	6129144	6184388	phantom	62	0.6613	0.5806
demoted_repeat_indel	6148787	6129144	6184388	phantom	65	0.3692	0.5077
demoted_repeat_indel	6151486	6129144	6184388	phantom	72	0.6528	0.5278
demoted_repeat_indel	6619841	6621472	6647988	phantom	67	0.209	0.597
demoted_repeat_indel	6634104	6621472	6647988	phantom	72	0.2639	0.5833
demoted_repeat_indel	6921403	6927750	6997093	informative	74	0.4189	0.9189
demoted_repeat_indel	6921403	6927750	6997093	ambiguous	74	0.2432	0.8784
demoted_repeat_indel	6925291	6927750	6997093	ambiguous	73	0.6986	0.7397
demoted_repeat_indel	6925291	6927750	6997093	informative	73	0.3973	0.9589
demoted_repeat_indel	6925350	6927750	6997093	informative	73	0.3973	0.9041
demoted_repeat_indel	6935067	6927750	6997093	phantom	71	0.4085	0.5634
demoted_repeat_indel	6938415	6927750	6997093	phantom	70	0.5857	0.5857
demoted_repeat_indel	6938433	6927750	6997093	phantom	70	0.5714	0.5714
demoted_repeat_indel	6946095	6927750	6997093	informative	65	0.3538	0.9538
demoted_repeat_indel	6968736	6927750	6997093	phantom	69	0.7536	0.5507
demoted_repeat_indel	6969156	6927750	6997093	phantom	72	0.1944	0.5972
demoted_repeat_indel	6969156	6927750	6997093	informative	72	0.5	0.9028
demoted_repeat_indel	7075884	7073919	7118617	phantom	63	0.8889	0.5714
demoted_repeat_indel	7097355	7073919	7118617	phantom	76	0.5658	0.5526
demoted_repeat_indel	7303974	7305204	7343405	informative	68	0.4706	1.0
demoted_repeat_indel	7315058	7305204	7343405	phantom	61	0.3115	0.5738
demoted_repeat_indel	7323646	7305204	7343405	phantom	59	0.2203	0.5424
demoted_repeat_indel	7325406	7305204	7343405	phantom	58	0.2414	0.5862
demoted_repeat_indel	8703953	8727358	8769855	informative	78	0.5513	0.9231
demoted_repeat_indel	8704157	8727358	8769855	informative	78	0.5256	1.0
demoted_repeat_indel	8704288	8727358	8769855	informative	78	0.5256	1.0
demoted_repeat_indel	8704460	8727358	8769855	informative	79	0.5316	0.9873
demoted_repeat_indel	8704512	8727358	8769855	informative	79	0.519	0.9494
demoted_repeat_indel	8704514	8727358	8769855	informative	79	0.5063	0.9873
demoted_repeat_indel	8704616	8727358	8769855	informative	79	0.519	1.0
demoted_repeat_indel	8704638	8727358	8769855	informative	79	0.5063	0.9873
demoted_repeat_indel	8704668	8727358	8769855	informative	79	0.519	0.9494
demoted_repeat_indel	8704717	8727358	8769855	informative	78	0.5385	0.9744
demoted_repeat_indel	8704733	8727358	8769855	informative	78	0.5256	0.9872
demoted_repeat_indel	8704862	8727358	8769855	informative	78	0.5128	1.0
demoted_repeat_indel	8704968	8727358	8769855	informative	79	0.519	0.9873
demoted_repeat_indel	8705297	8727358	8769855	informative	80	0.5	1.0
demoted_repeat_indel	8715242	8727358	8769855	ambiguous	71	0.4225	0.8451
demoted_repeat_indel	8715956	8727358	8769855	informative	74	0.4595	0.9865
demoted_repeat_indel	8723921	8727358	8769855	ambiguous	83	0.6265	0.8193
demoted_repeat_indel	8723925	8727358	8769855	informative	83	0.4699	0.9759
demoted_repeat_indel	8723925	8727358	8769855	informative	83	0.4458	1.0
demoted_repeat_indel	8723928	8727358	8769855	ambiguous	83	0.6265	0.8193
demoted_repeat_indel	8723928	8727358	8769855	informative	83	0.4699	0.9759
demoted_repeat_indel	8723965	8727358	8769855	informative	83	0.4458	1.0
demoted_repeat_indel	8726255	8727358	8769855	ambiguous	80	0.55	0.875
demoted_repeat_indel	8727091	8727358	8769855	informative	81	0.5679	0.9753
demoted_repeat_indel	8727716	8727358	8769855	phantom	79	0.7342	0.5316
demoted_repeat_indel	10277063	10296487	10343595	informative	63	0.4127	0.9048
demoted_repeat_indel	10295640	10296487	10343595	phantom	74	0.2838	0.5811
demoted_repeat_indel	10300760	10296487	10343595	phantom	82	0.6341	0.5488
demoted_repeat_indel	10300760	10296487	10343595	phantom	82	0.1829	0.5122
demoted_repeat_indel	10317939	10296487	10343595	informative	69	0.4638	0.9565
demoted_repeat_indel	11104104	11127753	11157086	ambiguous	71	0.5915	0.7746
demoted_repeat_indel	11104104	11127753	11157086	phantom	71	0.1831	0.6761
demoted_repeat_indel	11105511	11127753	11157086	phantom	73	0.0411	0.5342
demoted_repeat_indel	11119314	11127753	11157086	informative	81	0.5926	1.0
demoted_repeat_indel	11121510	11127753	11157086	ambiguous	81	0.5309	0.8889
demoted_repeat_indel	11135614	11127753	11157086	phantom	64	0.7031	0.5156
demoted_repeat_indel	11144107	11127753	11157086	phantom	83	0.3976	0.5783
demoted_repeat_indel	11148381	11127753	11157086	phantom	84	0.7024	0.5238
demoted_repeat_indel	11215204	11231667	11262361	informative	76	0.5789	1.0
demoted_repeat_indel	11236975	11231667	11262361	phantom	68	0.1324	0.5147
demoted_repeat_indel	11453901	11451978	11599138	phantom	78	0.1667	0.5769
demoted_repeat_indel	11456277	11451978	11599138	phantom	83	0.506	0.5181
demoted_repeat_indel	11682195	11701272	11813668	phantom	77	0.2208	0.5195
demoted_repeat_indel	11701629	11701272	11813668	phantom	86	0.186	0.593
demoted_repeat_indel	11706109	11701272	11813668	phantom	96	0.6354	0.5312
demoted_repeat_indel	12712832	12717796	12752291	informative	75	0.44	1.0
demoted_repeat_indel	12721113	12717796	12752291	informative	73	0.4384	0.9315
demoted_repeat_indel	12735895	12717796	12752291	informative	75	0.6533	0.96
demoted_repeat_indel	13674105	13689552	13751618	informative	67	0.3881	0.9104
demoted_repeat_indel	13677249	13689552	13751618	phantom	76	0.25	0.5395
demoted_repeat_indel	13698616	13689552	13751618	phantom	68	0.25	0.6029
demoted_repeat_indel	13701583	13689552	13751618	phantom	66	0.4697	0.5152
demoted_repeat_indel	13701801	13689552	13751618	phantom	66	0.2121	0.5303
demoted_repeat_indel	13712043	13689552	13751618	phantom	66	0.5	0.5
demoted_repeat_indel	13712706	13689552	13751618	phantom	69	0.2899	0.5362
demoted_repeat_indel	13715354	13689552	13751618	phantom	55	0.2182	0.5273
demoted_repeat_indel	14425906	14446295	14499928	informative	64	0.4531	0.9844
demoted_repeat_indel	14437150	14446295	14499928	phantom	59	0.7458	0.5593
demoted_repeat_indel	14437150	14446295	14499928	phantom	59	0.2034	0.5424
demoted_repeat_indel	14438557	14446295	14499928	phantom	65	0.5385	0.5231
demoted_repeat_indel	14446061	14446295	14499928	phantom	64	0.8281	0.5625
demoted_repeat_indel	14446061	14446295	14499928	phantom	64	0.1875	0.5469
demoted_repeat_indel	14446130	14446295	14499928	phantom	64	0.3594	0.5312
demoted_repeat_indel	14448162	14446295	14499928	phantom	64	0.2031	0.5312
demoted_repeat_indel	14458296	14446295	14499928	phantom	58	0.6034	0.5
demoted_repeat_indel	14459371	14446295	14499928	phantom	55	0.7273	0.5273
demoted_repeat_indel	14465116	14446295	14499928	phantom	50	0.76	0.54
demoted_repeat_indel	15015364	15015554	15115387	phantom	63	0.4286	0.5079
demoted_repeat_indel	15019281	15015554	15115387	phantom	65	0.0615	0.6462
demoted_repeat_indel	15019281	15015554	15115387	informative	65	0.6615	0.9231
demoted_repeat_indel	15019281	15015554	15115387	informative	65	0.5846	1.0
demoted_repeat_indel	15019295	15015554	15115387	ambiguous	65	0.6154	0.8769
demoted_repeat_indel	15027211	15015554	15115387	phantom	59	0.4407	0.5593
demoted_repeat_indel	15038247	15015554	15115387	phantom	54	0.3148	0.6852
demoted_repeat_indel	15320416	15308016	15413105	phantom	78	0.2821	0.5513
demoted_repeat_indel	15345856	15308016	15413105	phantom	82	0.0854	0.5122
demoted_repeat_indel	15545061	15568336	15606878	informative	69	0.5072	0.971
demoted_repeat_indel	15545069	15568336	15606878	informative	69	0.5362	1.0
demoted_repeat_indel	15557684	15568336	15606878	informative	85	0.4471	1.0
demoted_repeat_indel	15563581	15568336	15606878	informative	77	0.4156	1.0
demoted_repeat_indel	15569350	15568336	15606878	informative	69	0.4638	0.913
demoted_repeat_indel	15581296	15568336	15606878	phantom	66	0.7727	0.5152
demoted_repeat_indel	15581296	15568336	15606878	phantom	66	0.0758	0.5758
demoted_repeat_indel	17624556	17607780	17679082	phantom	75	0.3333	0.5067
demoted_repeat_indel	17637872	17607780	17679082	phantom	75	0.4533	0.5333
demoted_repeat_indel	17642039	17607780	17679082	informative	75	0.52	0.9733
demoted_repeat_indel	17643097	17607780	17679082	phantom	78	0.359	0.5128
demoted_repeat_indel	17842203	17839398	17883582	phantom	66	0.2576	0.5455
demoted_repeat_indel	17856214	17839398	17883582	phantom	72	0.6806	0.5278
demoted_repeat_indel	17856667	17839398	17883582	phantom	72	0.9167	0.5278
demoted_repeat_indel	17859095	17839398	17883582	phantom	65	0.7538	0.5077
demoted_repeat_indel	17865152	17839398	17883582	informative	60	0.45	0.95
demoted_repeat_indel	17870283	17839398	17883582	phantom	72	0.3194	0.5694
demoted_repeat_indel	17883527	17839398	17883582	ambiguous	73	0.3699	0.7123
demoted_repeat_indel	17883786	17839398	17883582	ambiguous	70	0.4857	0.8714
demoted_repeat_indel	17885472	17839398	17883582	ambiguous	68	0.5294	0.8529
demoted_repeat_indel	17886193	17839398	17883582	informative	68	0.5147	0.9853
demoted_repeat_indel	17888777	17839398	17883582	ambiguous	66	0.5303	0.8333
demoted_repeat_indel	17888777	17839398	17883582	phantom	66	0.0758	0.5606
demoted_repeat_indel	17888777	17839398	17883582	phantom	66	0.0758	0.5606
demoted_repeat_indel	17889299	17839398	17883582	phantom	68	0.2353	0.6029
demoted_repeat_indel	18393594	18414333	18442592	ambiguous	52	0.5962	0.8077
demoted_repeat_indel	18394968	18414333	18442592	informative	52	0.5	0.9231
demoted_repeat_indel	18395487	18414333	18442592	ambiguous	50	0.14	0.74
demoted_repeat_indel	18395487	18414333	18442592	ambiguous	50	0.14	0.74
demoted_repeat_indel	18395487	18414333	18442592	informative	50	0.6	1.0
demoted_repeat_indel	18395487	18414333	18442592	informative	50	0.6	1.0
demoted_repeat_indel	18395487	18414333	18442592	informative	50	0.6	1.0
demoted_repeat_indel	18398101	18414333	18442592	ambiguous	55	0.3818	0.8364
demoted_repeat_indel	18401043	18414333	18442592	informative	46	0.4783	1.0
demoted_repeat_indel	18411754	18414333	18442592	informative	60	0.55	1.0
demoted_repeat_indel	18413605	18414333	18442592	informative	66	0.5606	1.0
demoted_repeat_indel	18430887	18414333	18442592	phantom	68	0.4265	0.5147
demoted_repeat_indel	19449233	19464219	19526088	ambiguous	82	0.3049	0.7927
demoted_repeat_indel	19449233	19464219	19526088	phantom	82	0.1707	0.6829
demoted_repeat_indel	19459982	19464219	19526088	phantom	77	0.3506	0.6623
demoted_repeat_indel	19471396	19464219	19526088	phantom	68	0.6471	0.5147
demoted_repeat_indel	19476831	19464219	19526088	phantom	71	0.1972	0.5211
demoted_repeat_indel	20477271	20493042	20523889	informative	66	0.4545	1.0
demoted_repeat_indel	20486313	20493042	20523889	ambiguous	66	0.4091	0.8485
demoted_repeat_indel	20487242	20493042	20523889	informative	63	0.5079	1.0
demoted_repeat_indel	20506160	20493042	20523889	informative	72	0.4583	0.9167
demoted_repeat_indel	20517317	20493042	20523889	informative	68	0.5	1.0
demoted_repeat_indel	20517453	20493042	20523889	phantom	69	0.8406	0.5942
demoted_repeat_indel	20517493	20493042	20523889	phantom	69	0.0435	0.5217
demoted_repeat_indel	22491685	22497901	22520628	informative	74	0.4324	0.9324
demoted_repeat_indel	22498844	22497901	22520628	phantom	76	0.2763	0.5395
demoted_repeat_indel	22525673	22540640	22565021	phantom	59	0.322	0.5593
demoted_repeat_indel	22530330	22540640	22565021	informative	55	0.4727	1.0
demoted_repeat_indel	22536818	22540640	22565021	informative	66	0.4545	1.0
demoted_repeat_indel	22540641	22540640	22565021	informative	71	0.493	0.9859
demoted_repeat_indel	22543757	22540640	22565021	phantom	76	0.1579	0.5395
demoted_repeat_indel	22550964	22540640	22565021	phantom	75	0.1867	0.52
demoted_repeat_indel	22565042	22540640	22565021	phantom	71	0.9155	0.5634
demoted_repeat_indel	22565043	22540640	22565021	phantom	71	0.9155	0.5634
demoted_repeat_indel	22575769	22582976	22668436	phantom	59	0.2373	0.5932
demoted_repeat_indel	22581443	22582976	22668436	phantom	70	0.6571	0.5143
demoted_repeat_indel	22587108	22582976	22668436	phantom	66	0.9394	0.5758
demoted_repeat_indel	22613620	22582976	22668436	phantom	57	0.3158	0.6491
demoted_repeat_indel	22621302	22582976	22668436	informative	49	0.551	0.9796
demoted_repeat_indel	22622775	22582976	22668436	phantom	54	0.2963	0.5741
demoted_repeat_indel	23669721	23680458	23810819	informative	77	0.4286	1.0
demoted_repeat_indel	23684422	23680458	23810819	informative	71	0.5775	1.0
demoted_repeat_indel	23690350	23680458	23810819	phantom	51	0.2941	0.6275
demoted_repeat_indel	23709053	23680458	23810819	informative	67	0.4776	0.9701
demoted_repeat_indel	23711520	23680458	23810819	phantom	66	0.7424	0.5909
demoted_repeat_indel	23711520	23680458	23810819	phantom	66	0.1515	0.5455
demoted_repeat_indel	23907997	23888763	24012605	informative	70	0.4286	0.9429
demoted_repeat_indel	23908089	23888763	24012605	phantom	69	0.2464	0.5072
demoted_repeat_indel	23913983	23888763	24012605	phantom	59	0.7627	0.661
demoted_repeat_indel	23918474	23888763	24012605	phantom	63	0.1746	0.5397
demoted_repeat_indel	23918474	23888763	24012605	phantom	63	0.5079	0.6349
demoted_repeat_indel	23925410	23888763	24012605	phantom	69	0.4493	0.5217
demoted_repeat_indel	23925410	23888763	24012605	phantom	69	0.1014	0.5072
demoted_repeat_indel	23929917	23888763	24012605	phantom	76	0.1842	0.5526
demoted_repeat_indel	32311096	32312702	32315103	phantom	15	0.6667	0.6667
demoted_repeat_indel	32311883	32312702	32315103	phantom	14	0.6429	0.6429
demoted_repeat_indel	32313457	32312702	32315103	phantom	12	0.6667	0.6667
demoted_repeat_indel	32313919	32312702	32315103	phantom	12	0.4167	0.5833
demoted_repeat_indel	32314311	32312702	32315103	ambiguous	13	0.7692	0.7692
demoted_repeat_indel	32315084	32312702	32315103	ambiguous	10	0.7	0.7
demoted_repeat_indel	32382663	32337036	32397764	ambiguous	22	0.8636	0.8636
demoted_repeat_indel	33288303	33295976	33360820	phantom	35	0.3429	0.5429
demoted_repeat_indel	33289077	33295976	33360820	phantom	36	0.3611	0.5556
demoted_repeat_indel	33289391	33295976	33360820	phantom	36	0.25	0.5833
demoted_repeat_indel	33293326	33295976	33360820	phantom	30	0.2333	0.5333
demoted_repeat_indel	33299517	33295976	33360820	phantom	45	0.3556	0.6444
demoted_repeat_indel	33299517	33295976	33360820	phantom	45	0.1333	0.5778
demoted_repeat_indel	33300270	33295976	33360820	ambiguous	46	0.3478	0.8478
demoted_repeat_indel	33300956	33295976	33360820	phantom	47	0.2128	0.5106
demoted_repeat_indel	33302151	33295976	33360820	phantom	47	0.5106	0.5319
demoted_repeat_indel	33302151	33295976	33360820	phantom	47	0.5106	0.5319
demoted_repeat_indel	33304312	33295976	33360820	phantom	44	0.1818	0.6364
demoted_repeat_indel	33304312	33295976	33360820	phantom	44	0.4545	0.5455
demoted_repeat_indel	33307250	33295976	33360820	informative	51	0.5098	0.902
demoted_repeat_indel	33309407	33295976	33360820	phantom	53	0.8491	0.566
demoted_repeat_indel	33309407	33295976	33360820	phantom	53	0.4151	0.5094
demoted_repeat_indel	33311081	33295976	33360820	phantom	50	0.22	0.68
demoted_repeat_indel	33311081	33295976	33360820	ambiguous	50	0.4	0.82
demoted_repeat_indel	33311536	33295976	33360820	phantom	50	0.14	0.56
demoted_repeat_indel	33311536	33295976	33360820	ambiguous	50	0.44	0.86
demoted_repeat_indel	33313807	33295976	33360820	phantom	57	0.2982	0.5614
demoted_repeat_indel	33316522	33295976	33360820	phantom	55	0.3455	0.5273
demoted_repeat_indel	33320809	33295976	33360820	informative	51	0.5098	0.9804
demoted_repeat_indel	33322544	33295976	33360820	phantom	53	0.3208	0.5283
demoted_repeat_indel	33323831	33295976	33360820	phantom	55	0.2727	0.5818
demoted_repeat_indel	33325038	33295976	33360820	phantom	58	0.3621	0.5517
demoted_repeat_indel	33327800	33295976	33360820	phantom	53	0.283	0.5849
demoted_repeat_indel	33335333	33295976	33360820	phantom	69	0.2029	0.5652
demoted_repeat_indel	33335604	33295976	33360820	phantom	70	0.4429	0.5
demoted_repeat_indel	33336633	33295976	33360820	phantom	70	0.2286	0.5286
demoted_repeat_indel	33743520	33747591	33792638	informative	57	0.5088	0.9649
demoted_repeat_indel	33749689	33747591	33792638	ambiguous	62	0.4032	0.8548
demoted_repeat_indel	33753066	33747591	33792638	phantom	64	0.3281	0.5312
demoted_repeat_indel	33771787	33747591	33792638	phantom	83	0.494	0.5181
demoted_repeat_indel	33773527	33747591	33792638	phantom	82	0.622	0.5366
demoted_repeat_indel	33773527	33797964	33843276	phantom	82	0.622	0.5366
demoted_repeat_indel	33783157	33797964	33843276	phantom	68	0.25	0.5441
demoted_repeat_indel	33786568	33797964	33843276	phantom	65	0.3692	0.5231
demoted_repeat_indel	33786588	33797964	33843276	phantom	65	0.3538	0.5385
demoted_repeat_indel	33803494	33797964	33843276	phantom	46	0.3696	0.5217
demoted_repeat_indel	33812276	33797964	33843276	phantom	50	0.3	0.54
demoted_repeat_indel	33816447	33797964	33843276	phantom	56	0.2679	0.5179
demoted_repeat_indel	33819338	33797964	33843276	phantom	55	0.8364	0.6
demoted_repeat_indel	33841484	33865506	34018169	phantom	60	0.3	0.5333
demoted_repeat_indel	33841867	33865506	34018169	phantom	62	0.2258	0.5161
demoted_repeat_indel	33843250	33865506	34018169	informative	58	0.5	0.9655
demoted_repeat_indel	33845042	33865506	34018169	ambiguous	58	0.5517	0.7586
demoted_repeat_indel	33845042	33865506	34018169	phantom	58	0.1552	0.6724
demoted_repeat_indel	33847802	33865506	34018169	phantom	57	0.4211	0.5263
demoted_repeat_indel	33850711	33865506	34018169	informative	56	0.5179	0.9464
demoted_repeat_indel	33854249	33865506	34018169	phantom	51	0.8824	0.6275
demoted_repeat_indel	33865871	33865506	34018169	ambiguous	63	0.6984	0.7143
demoted_repeat_indel	33871637	33865506	34018169	phantom	66	0.2273	0.5909
demoted_repeat_indel	33873324	33865506	34018169	phantom	65	0.3846	0.5692
demoted_repeat_indel	33876679	33865506	34018169	phantom	61	0.3115	0.5082
demoted_repeat_indel	33881593	33865506	34018169	phantom	63	0.6825	0.6032
demoted_repeat_indel	33881593	33865506	34018169	phantom	63	0.0635	0.5397
demoted_repeat_indel	33883638	33865506	34018169	phantom	60	0.2333	0.5
demoted_repeat_indel	33887912	33865506	34018169	phantom	71	0.8028	0.5775
demoted_repeat_indel	33887912	33865506	34018169	phantom	71	0.0986	0.5352
demoted_repeat_indel	33887913	33865506	34018169	phantom	71	0.3521	0.5352
demoted_repeat_indel	33888253	33865506	34018169	phantom	74	0.2432	0.5135
demoted_repeat_indel	34008965	34030463	34055920	ambiguous	61	0.6885	0.8852
demoted_repeat_indel	34016453	34030463	34055920	phantom	53	0.3774	0.5283
demoted_repeat_indel	34023273	34030463	34055920	ambiguous	64	0.7969	0.7188
demoted_repeat_indel	34023273	34030463	34055920	ambiguous	64	0.7969	0.7188
demoted_repeat_indel	34023273	34030463	34055920	phantom	64	0.875	0.6719
demoted_repeat_indel	34023273	34030463	34055920	ambiguous	64	0.7969	0.7188
demoted_repeat_indel	34023273	34030463	34055920	phantom	64	0.625	0.6094
demoted_repeat_indel	34023274	34030463	34055920	phantom	64	0.875	0.6719
demoted_repeat_indel	34024945	34030463	34055920	phantom	63	0.2381	0.5238
demoted_repeat_indel	34029427	34030463	34055920	phantom	76	0.3553	0.5395
demoted_repeat_indel	34029427	34030463	34055920	phantom	76	0.1447	0.5132
demoted_repeat_indel	34030437	34030463	34055920	phantom	76	0.4342	0.6053
demoted_repeat_indel	34033053	34030463	34055920	phantom	79	0.2532	0.5949
demoted_repeat_indel	34038092	34030463	34055920	phantom	81	0.2346	0.5432
demoted_repeat_indel	34044077	34030463	34055920	phantom	86	0.2209	0.6047
demoted_repeat_indel	34046351	34030463	34055920	informative	81	0.6049	1.0
demoted_repeat_indel	34046360	34030463	34055920	ambiguous	81	0.4938	0.8889
demoted_repeat_indel	34055920	34079290	34134418	phantom	63	0.0476	0.5238
demoted_repeat_indel	34058530	34079290	34134418	ambiguous	74	0.4054	0.8108
demoted_repeat_indel	34076183	34079290	34134418	phantom	79	0.3291	0.519
demoted_repeat_indel	34076925	34079290	34134418	phantom	80	0.2875	0.5125
demoted_repeat_indel	34091964	34079290	34134418	phantom	87	0.3218	0.5057
demoted_repeat_indel	34102875	34079290	34134418	informative	77	0.3766	0.974
demoted_repeat_indel	34102875	34079290	34134418	ambiguous	77	0.3896	0.7922
demoted_repeat_indel	34102875	34079290	34134418	phantom	77	0.0519	0.5455
demoted_repeat_indel	35083965	35079659	35517815	phantom	67	0.194	0.6716
demoted_repeat_indel	35083965	35079659	35517815	ambiguous	67	0.4328	0.8657
demoted_repeat_indel	35085287	35079659	35517815	ambiguous	64	0.4844	0.8594
demoted_repeat_indel	35092801	35079659	35517815	ambiguous	65	0.6	0.7385
demoted_repeat_indel	35094218	35079659	35517815	phantom	64	0.2031	0.5312
demoted_repeat_indel	35099482	35079659	35517815	ambiguous	58	0.569	0.8966
demoted_repeat_indel	35100118	35079659	35517815	phantom	58	0.2586	0.5517
demoted_repeat_indel	35114004	35079659	35517815	phantom	47	0.2128	0.5532
demoted_repeat_indel	35114004	35079659	35517815	phantom	47	0.2553	0.5745
demoted_repeat_indel	35114481	35079659	35517815	phantom	48	0.25	0.6042
demoted_repeat_indel	35117163	35079659	35517815	phantom	47	0.2553	0.6383
demoted_repeat_indel	35118476	35079659	35517815	phantom	46	0.8913	0.5217
demoted_repeat_indel	35119691	35079659	35517815	phantom	47	0.4043	0.5106
demoted_repeat_indel	35946988	35919404	36156319	phantom	59	0.7458	0.5085
demoted_repeat_indel	35950621	35919404	36156319	phantom	57	0.2456	0.5614
demoted_repeat_indel	35958882	35919404	36156319	ambiguous	63	0.4127	0.7143
demoted_repeat_indel	35972051	35919404	36156319	phantom	76	0.6579	0.5658
demoted_repeat_indel	35974375	35919404	36156319	phantom	72	0.7778	0.5556
demoted_repeat_indel	35974375	35919404	36156319	phantom	72	0.0972	0.5417
demoted_repeat_indel	36307672	36268558	36317511	phantom	55	0.8364	0.5455
demoted_repeat_indel	36307672	36268558	36317511	phantom	55	0.4727	0.5636
demoted_repeat_indel	36312804	36268558	36317511	phantom	53	0.4528	0.5472
demoted_repeat_indel	36318252	36268558	36317511	phantom	53	0.4906	0.5094
demoted_repeat_indel	36329431	36268558	36317511	phantom	67	0.6567	0.5075
demoted_repeat_indel	36334822	36268558	36317511	phantom	71	0.0986	0.507
demoted_repeat_indel	36337803	36268558	36317511	phantom	67	0.6119	0.5075
demoted_repeat_indel	36307672	36332599	36381019	phantom	55	0.8364	0.5455
demoted_repeat_indel	36307672	36332599	36381019	phantom	55	0.4727	0.5636
demoted_repeat_indel	36312804	36332599	36381019	phantom	53	0.4528	0.5472
demoted_repeat_indel	36318252	36332599	36381019	phantom	53	0.4906	0.5094
demoted_repeat_indel	36329431	36332599	36381019	phantom	67	0.6567	0.5075
demoted_repeat_indel	36334822	36332599	36381019	phantom	71	0.0986	0.507
demoted_repeat_indel	36337803	36332599	36381019	phantom	67	0.6119	0.5075
demoted_repeat_indel	36349132	36332599	36381019	phantom	69	0.087	0.5217
demoted_repeat_indel	36354891	36332599	36381019	ambiguous	82	0.2805	0.7439
demoted_repeat_indel	37373805	37393302	37426498	informative	74	0.5541	1.0
demoted_repeat_indel	37402208	37393302	37426498	phantom	58	0.2241	0.5
demoted_repeat_indel	37404766	37393302	37426498	phantom	60	0.4333	0.5167
demoted_repeat_indel	37406847	37393302	37426498	phantom	59	0.2542	0.5593
demoted_repeat_indel	37407326	37393302	37426498	phantom	59	0.4237	0.5763
demoted_repeat_indel	37410744	37393302	37426498	phantom	69	0.2899	0.5507
demoted_repeat_indel	37412715	37393302	37426498	phantom	75	0.4	0.5333
demoted_repeat_indel	37412715	37393302	37426498	phantom	75	0.16	0.5467
demoted_repeat_indel	37413375	37393302	37426498	phantom	80	0.2125	0.5125
demoted_repeat_indel	37413503	37393302	37426498	phantom	80	0.3625	0.6375
demoted_repeat_indel	37413503	37393302	37426498	informative	80	0.2625	0.9125
demoted_repeat_indel	37415122	37393302	37426498	phantom	82	0.2317	0.5854
demoted_repeat_indel	37418278	37393302	37426498	phantom	84	0.2381	0.5238
demoted_repeat_indel	37418278	37442035	37497514	phantom	84	0.2381	0.5238
demoted_repeat_indel	37433412	37442035	37497514	phantom	71	0.338	0.6479
demoted_repeat_indel	37444211	37442035	37497514	phantom	73	0.2329	0.5479
demoted_repeat_indel	37448378	37442035	37497514	phantom	74	0.2432	0.5
demoted_repeat_indel	37462000	37442035	37497514	phantom	73	0.9041	0.589
demoted_repeat_indel	37466807	37442035	37497514	phantom	73	0.0548	0.5616
demoted_repeat_indel	37504572	37513407	37567375	phantom	61	0.3115	0.5246
demoted_repeat_indel	37505429	37513407	37567375	phantom	57	0.3509	0.5789
demoted_repeat_indel	37508148	37513407	37567375	informative	56	0.3929	0.9821
demoted_repeat_indel	37510834	37513407	37567375	phantom	57	0.7193	0.614
demoted_repeat_indel	37510834	37513407	37567375	ambiguous	57	0.4737	0.8246
demoted_repeat_indel	37515276	37513407	37567375	phantom	69	0.3043	0.5797
demoted_repeat_indel	37520275	37513407	37567375	ambiguous	75	0.3067	0.76
demoted_repeat_indel	37523923	37513407	37567375	phantom	76	0.3421	0.5132
demoted_repeat_indel	37524236	37513407	37567375	phantom	74	0.2432	0.5405
demoted_repeat_indel	37528336	37513407	37567375	phantom	75	0.44	0.5067
demoted_repeat_indel	37529451	37513407	37567375	phantom	76	0.2237	0.5789
demoted_repeat_indel	37541423	37513407	37567375	phantom	83	0.1446	0.5542
demoted_repeat_indel	37541423	37513407	37567375	phantom	83	0.2771	0.506
demoted_repeat_indel	37543826	37513407	37567375	phantom	80	0.4375	0.525
demoted_repeat_indel	37544415	37513407	37567375	phantom	83	0.3614	0.6386
demoted_repeat_indel	37544610	37513407	37567375	phantom	82	0.2439	0.5244
demoted_repeat_indel	37548762	37513407	37567375	phantom	71	0.2958	0.5211
demoted_repeat_indel	37618541	37610223	37667751	phantom	42	0.4762	0.5238
demoted_repeat_indel	37623998	37610223	37667751	phantom	54	0.2778	0.537
demoted_repeat_indel	37635958	37610223	37667751	phantom	59	0.339	0.5593
demoted_repeat_indel	37640337	37610223	37667751	phantom	54	0.2593	0.5556
demoted_repeat_indel	37640337	37610223	37667751	phantom	54	0.2222	0.5556
demoted_repeat_indel	37649434	37610223	37667751	phantom	64	0.3438	0.5312
demoted_repeat_indel	37649434	37610223	37667751	phantom	64	0.1719	0.5469
demoted_repeat_indel	37652594	37610223	37667751	phantom	53	0.3019	0.5283
demoted_repeat_indel	37653064	37610223	37667751	phantom	51	0.2745	0.5098
demoted_repeat_indel	37653421	37610223	37667751	phantom	51	0.3333	0.6471
demoted_repeat_indel	37654229	37610223	37667751	phantom	50	0.36	0.54
demoted_repeat_indel	37656023	37610223	37667751	phantom	52	0.2308	0.5577
demoted_repeat_indel	38212056	38203612	38236063	phantom	53	0.3208	0.5472
demoted_repeat_indel	38212056	38203612	38236063	phantom	53	0.1509	0.5472
demoted_repeat_indel	38213712	38203612	38236063	phantom	54	0.4074	0.5741
demoted_repeat_indel	38214894	38203612	38236063	phantom	54	0.2963	0.5185
demoted_repeat_indel	38218848	38203612	38236063	phantom	62	0.1613	0.5
demoted_repeat_indel	38218848	38203612	38236063	informative	62	0.3387	0.9032
demoted_repeat_indel	38224923	38203612	38236063	phantom	69	0.4493	0.5797
demoted_repeat_indel	38227342	38203612	38236063	phantom	77	0.2987	0.5195
demoted_repeat_indel	38227342	38203612	38236063	phantom	77	0.1818	0.5455
demoted_repeat_indel	38237413	38203612	38236063	phantom	61	0.3443	0.5738
demoted_repeat_indel	38237413	38203612	38236063	phantom	61	0.1967	0.5082
demoted_repeat_indel	38260283	38203612	38236063	phantom	68	0.2059	0.5294
demoted_repeat_indel	39243500	39241049	39286408	phantom	53	0.3585	0.5094
demoted_repeat_indel	39246277	39241049	39286408	phantom	60	0.9167	0.5167
demoted_repeat_indel	39257345	39241049	39286408	phantom	65	0.6923	0.5385
demoted_repeat_indel	40615174	40620806	40741068	ambiguous	47	0.766	0.7872
demoted_repeat_indel	40619001	40620806	40741068	informative	45	0.6222	0.9556
demoted_repeat_indel	40636341	40620806	40741068	ambiguous	37	0.3784	0.8108
demoted_repeat_indel	40642155	40620806	40741068	phantom	50	0.38	0.56
demoted_repeat_indel	40642557	40620806	40741068	phantom	51	0.6275	0.5294
demoted_repeat_indel	40642557	40620806	40741068	phantom	51	0.098	0.6078
demoted_repeat_indel	40647346	40620806	40741068	ambiguous	64	0.1094	0.7031
demoted_repeat_indel	40654285	40620806	40741068	ambiguous	65	0.9385	0.7385
demoted_repeat_indel	40659240	40620806	40741068	phantom	60	0.35	0.5167
demoted_repeat_indel	40659240	40620806	40741068	phantom	60	0.1833	0.55
demoted_repeat_indel	40659667	40620806	40741068	phantom	55	0.2182	0.5818
demoted_repeat_indel	40659667	40620806	40741068	phantom	55	0.1818	0.5455
demoted_repeat_indel	41998950	42006406	42128667	informative	65	0.6462	1.0
demoted_repeat_indel	42002724	42006406	42128667	informative	70	0.3	1.0
demoted_repeat_indel	42006615	42006406	42128667	informative	63	0.4127	1.0
demoted_repeat_indel	42019457	42006406	42128667	phantom	77	0.2468	0.5325
demoted_repeat_indel	42042661	42006406	42128667	ambiguous	62	0.5806	0.7742
demoted_repeat_indel	42042661	42006406	42128667	informative	62	0.4032	0.9516
demoted_repeat_indel	45132585	45143095	45896820	phantom	77	0.9481	0.5325
demoted_repeat_indel	45138032	45143095	45896820	phantom	69	0.1304	0.5217
demoted_repeat_indel	45148796	45143095	45896820	phantom	68	0.3088	0.5588
demoted_repeat_indel	45155790	45143095	45896820	phantom	61	0.7049	0.5738
demoted_repeat_indel	45161010	45143095	45896820	phantom	59	0.1525	0.6271
demoted_repeat_indel	46625326	46636707	46663811	phantom	61	0.3443	0.5574
demoted_repeat_indel	46642374	46636707	46663811	phantom	60	0.3833	0.5167
demoted_repeat_indel	46650068	46636707	46663811	phantom	65	0.3385	0.5846
demoted_repeat_indel	46661070	46636707	46663811	phantom	54	0.2222	0.6111
demoted_repeat_indel	48072260	48094709	48229446	phantom	60	0.8667	0.5333
demoted_repeat_indel	48072260	48094709	48229446	phantom	60	0.4167	0.5833
demoted_repeat_indel	48074508	48094709	48229446	phantom	60	0.35	0.5333
demoted_repeat_indel	48081037	48094709	48229446	informative	64	0.5156	1.0
demoted_repeat_indel	48096582	48094709	48229446	informative	65	0.4923	0.9077
demoted_repeat_indel	48110120	48094709	48229446	phantom	77	0.7792	0.5065
demoted_repeat_indel	48966380	48952538	49062203	phantom	58	0.2931	0.5172
demoted_repeat_indel	48971193	48952538	49062203	ambiguous	60	0.3	0.8167
demoted_repeat_indel	48973992	48952538	49062203	phantom	60	0.2667	0.5
demoted_repeat_indel	48975436	48952538	49062203	phantom	55	0.2727	0.5273
demoted_repeat_indel	49103308	49115016	49158744	phantom	59	0.322	0.5085
demoted_repeat_indel	49114821	49115016	49158744	ambiguous	63	0.619	0.7778
demoted_repeat_indel	49116998	49115016	49158744	ambiguous	61	0.459	0.7705
demoted_repeat_indel	49120157	49115016	49158744	ambiguous	62	0.5	0.7258
demoted_repeat_indel	49120252	49115016	49158744	phantom	63	0.2698	0.5397
demoted_repeat_indel	49120806	49115016	49158744	phantom	61	0.3115	0.541
demoted_repeat_indel	49121625	49115016	49158744	phantom	60	0.5	0.5833
demoted_repeat_indel	49122803	49115016	49158744	phantom	63	0.2381	0.5079
demoted_repeat_indel	49127193	49115016	49158744	informative	59	0.4746	0.9492
demoted_repeat_indel	49130064	49115016	49158744	phantom	58	0.2069	0.5517
demoted_repeat_indel	49140721	49115016	49158744	phantom	63	0.6984	0.5714
demoted_repeat_indel	49678807	49681894	49845376	informative	62	0.4677	0.9677
demoted_repeat_indel	49682383	49681894	49845376	ambiguous	58	0.6724	0.7931
demoted_repeat_indel	49682537	49681894	49845376	ambiguous	58	0.4828	0.8793
demoted_repeat_indel	49700408	49681894	49845376	phantom	64	0.5	0.6406
demoted_repeat_indel	50076729	50099530	50147908	phantom	62	0.5	0.6452
demoted_repeat_indel	50077577	50099530	50147908	ambiguous	62	0.6613	0.8387
demoted_repeat_indel	50077577	50099530	50147908	phantom	62	0.1129	0.5161
demoted_repeat_indel	50091919	50099530	50147908	phantom	64	0.3125	0.6094
demoted_repeat_indel	50099490	50099530	50147908	phantom	66	0.0758	0.5152
demoted_repeat_indel	50115602	50099530	50147908	phantom	51	0.3137	0.5686
demoted_repeat_indel	51211231	51235063	51287372	informative	62	0.5484	0.9677
demoted_repeat_indel	51211360	51235063	51287372	ambiguous	62	0.5968	0.7742
demoted_repeat_indel	51216561	51235063	51287372	phantom	75	0.9333	0.5067
demoted_repeat_indel	51222620	51235063	51287372	phantom	61	0.2131	0.541
demoted_repeat_indel	51224971	51235063	51287372	phantom	63	0.4286	0.5714
demoted_repeat_indel	51231692	51235063	51287372	informative	57	0.5614	1.0
demoted_repeat_indel	51233347	51235063	51287372	informative	57	0.5439	0.9825
demoted_repeat_indel	51252717	51235063	51287372	phantom	60	0.35	0.5667
demoted_repeat_indel	52384768	52394827	52434849	informative	67	0.4776	0.9403
demoted_repeat_indel	52387292	52394827	52434849	phantom	64	0.4844	0.5469
demoted_repeat_indel	52389094	52394827	52434849	phantom	62	0.5806	0.5645
demoted_repeat_indel	52392326	52394827	52434849	informative	63	0.4762	0.9683
demoted_repeat_indel	52392889	52394827	52434849	phantom	62	0.8065	0.629
demoted_repeat_indel	52392889	52394827	52434849	ambiguous	62	0.3226	0.7581
demoted_repeat_indel	52396647	52394827	52434849	phantom	64	0.3125	0.5625
demoted_repeat_indel	52410534	52394827	52434849	phantom	55	0.3636	0.5273
demoted_repeat_indel	52417937	52394827	52434849	phantom	59	0.2542	0.5932
demoted_repeat_indel	52658796	52661951	52727684	phantom	61	0.2787	0.6066
demoted_repeat_indel	52660728	52661951	52727684	ambiguous	61	0.3607	0.7377
demoted_repeat_indel	52660728	52661951	52727684	informative	61	0.4754	0.9016
demoted_repeat_indel	52670386	52661951	52727684	phantom	74	0.3243	0.5676
demoted_repeat_indel	52679958	52661951	52727684	ambiguous	73	0.6712	0.8082
demoted_repeat_indel	52679958	52661951	52727684	phantom	73	0.3562	0.6301
demoted_repeat_indel	52683846	52661951	52727684	ambiguous	67	0.7015	0.806
demoted_repeat_indel	54397239	54419033	54453020	informative	62	0.629	0.9516
demoted_repeat_indel	54397713	54419033	54453020	phantom	60	0.9333	0.6667
demoted_repeat_indel	54402130	54419033	54453020	informative	56	0.6429	1.0
demoted_repeat_indel	54402130	54419033	54453020	ambiguous	56	0.1071	0.75
demoted_repeat_indel	54402130	54419033	54453020	ambiguous	56	0.125	0.7679
demoted_repeat_indel	54409029	54419033	54453020	phantom	64	0.2188	0.5781
demoted_repeat_indel	54409153	54419033	54453020	informative	63	0.5556	1.0
demoted_repeat_indel	54409797	54419033	54453020	informative	64	0.5625	0.9688
demoted_repeat_indel	54410569	54419033	54453020	informative	66	0.5303	1.0
demoted_repeat_indel	54411972	54419033	54453020	informative	61	0.5738	0.9672
demoted_repeat_indel	54418191	54419033	54453020	informative	81	0.4815	0.9506
demoted_repeat_indel	54429745	54419033	54453020	phantom	88	0.7955	0.5795
demoted_repeat_indel	54443643	54419033	54453020	phantom	81	0.1605	0.5309
demoted_repeat_indel	55285070	55309475	55382729	ambiguous	78	0.3974	0.8077
demoted_repeat_indel	55286841	55309475	55382729	informative	74	0.5811	0.9054
demoted_repeat_indel	55288925	55309475	55382729	ambiguous	75	0.2933	0.76
demoted_repeat_indel	55289979	55309475	55382729	phantom	72	0.2778	0.5278
demoted_repeat_indel	55290060	55309475	55382729	phantom	72	0.2222	0.5833
demoted_repeat_indel	55290800	55309475	55382729	informative	75	0.5333	0.96
demoted_repeat_indel	55293084	55309475	55382729	ambiguous	72	0.625	0.8194
demoted_repeat_indel	55293084	55309475	55382729	phantom	72	0.1806	0.5694
demoted_repeat_indel	55294224	55309475	55382729	informative	68	0.5147	0.9559
demoted_repeat_indel	55294326	55309475	55382729	ambiguous	68	0.5588	0.8824
demoted_repeat_indel	55295526	55309475	55382729	ambiguous	64	0.5156	0.8594
demoted_repeat_indel	55298922	55309475	55382729	ambiguous	66	0.4848	0.8182
demoted_repeat_indel	55302588	55309475	55382729	phantom	61	0.6557	0.6885
demoted_repeat_indel	55302588	55309475	55382729	phantom	61	0.1967	0.5902
demoted_repeat_indel	55303114	55309475	55382729	phantom	62	0.0645	0.5806
demoted_repeat_indel	55304310	55309475	55382729	phantom	62	0.2903	0.5645
demoted_repeat_indel	55307149	55309475	55382729	informative	60	0.5	0.9167
demoted_repeat_indel	55307615	55309475	55382729	ambiguous	62	0.6774	0.7419
demoted_repeat_indel	55308942	55309475	55382729	informative	64	0.4375	1.0
demoted_repeat_indel	55308942	55309475	55382729	phantom	64	0.2188	0.6562
demoted_repeat_indel	55308942	55309475	55382729	phantom	64	0.0938	0.5312
demoted_repeat_indel	55309010	55309475	55382729	ambiguous	64	0.3906	0.7031
demoted_repeat_indel	55309402	55309475	55382729	ambiguous	65	0.5692	0.8154
demoted_repeat_indel	55309795	55309475	55382729	ambiguous	67	0.3731	0.806
demoted_repeat_indel	55309795	55309475	55382729	informative	67	0.3881	0.9552
demoted_repeat_indel	55310558	55309475	55382729	phantom	66	0.7727	0.5303
demoted_repeat_indel	55311227	55309475	55382729	phantom	66	0.2424	0.5152
demoted_repeat_indel	55324425	55309475	55382729	phantom	47	0.0638	0.5106
demoted_repeat_indel	55328356	55309475	55382729	phantom	51	0.2157	0.5882
demoted_repeat_indel	55992503	55999194	56040612	phantom	70	0.2429	0.5286
demoted_repeat_indel	55998531	55999194	56040612	informative	71	0.4085	1.0
demoted_repeat_indel	55998531	55999194	56040612	informative	71	0.4085	1.0
demoted_repeat_indel	56005966	55999194	56040612	phantom	69	0.2899	0.5072
demoted_repeat_indel	56007501	55999194	56040612	ambiguous	71	0.4366	0.831
demoted_repeat_indel	56007501	55999194	56040612	ambiguous	71	0.6761	0.831
demoted_repeat_indel	56007520	55999194	56040612	ambiguous	71	0.662	0.8169
demoted_repeat_indel	56029103	55999194	56040612	phantom	68	0.2941	0.6618
demoted_repeat_indel	56151929	56150368	56201931	phantom	74	0.2027	0.5405
demoted_repeat_indel	56156532	56150368	56201931	ambiguous	72	0.2778	0.7361
demoted_repeat_indel	56156532	56150368	56201931	informative	72	0.4583	1.0
demoted_repeat_indel	56165755	56150368	56201931	informative	78	0.5128	0.9487
demoted_repeat_indel	56167073	56150368	56201931	phantom	74	0.2973	0.5676
demoted_repeat_indel	56173829	56150368	56201931	phantom	82	0.7317	0.5488
demoted_repeat_indel	56173829	56150368	56201931	phantom	82	0.1341	0.5854
demoted_repeat_indel	56175631	56150368	56201931	phantom	85	0.3529	0.5059
demoted_repeat_indel	56175631	56150368	56201931	phantom	85	0.0353	0.6471
demoted_repeat_indel	56175685	56150368	56201931	phantom	85	0.5529	0.5412
demoted_repeat_indel	56180966	56150368	56201931	phantom	84	0.25	0.5476
demoted_repeat_indel	56192737	56150368	56201931	phantom	78	0.0385	0.5256
demoted_repeat_indel	56192750	56150368	56201931	informative	78	0.3846	0.9487
demoted_repeat_indel	56192758	56150368	56201931	informative	78	0.3846	0.9487
demoted_repeat_indel	56200740	56150368	56201931	informative	71	0.3803	0.9014
demoted_repeat_indel	56300509	56206359	56350725	phantom	80	0.2875	0.5625
demoted_repeat_indel	56317901	56206359	56350725	phantom	80	0.95	0.6
demoted_repeat_indel	56514683	56497168	56568153	phantom	58	0.569	0.5172
demoted_repeat_indel	56516245	56497168	56568153	phantom	62	0.2903	0.6129
demoted_repeat_indel	56532184	56497168	56568153	phantom	71	0.3521	0.5634
demoted_repeat_indel	57063381	57085410	57119478	phantom	75	0.16	0.5733
demoted_repeat_indel	57063381	57085410	57119478	phantom	75	0.2267	0.52
demoted_repeat_indel	57065407	57085410	57119478	phantom	72	0.7083	0.5833
demoted_repeat_indel	57075180	57085410	57119478	phantom	82	0.7073	0.5122
demoted_repeat_indel	57076951	57085410	57119478	phantom	75	0.6533	0.5467
demoted_repeat_indel	57076951	57085410	57119478	phantom	75	0.16	0.5333
demoted_repeat_indel	57087240	57085410	57119478	informative	78	0.5897	0.9872
demoted_repeat_indel	57089568	57085410	57119478	phantom	76	0.3158	0.5263
demoted_repeat_indel	57098434	57085410	57119478	phantom	75	0.2133	0.5067
demoted_repeat_indel	57104655	57085410	57119478	informative	67	0.6119	0.9851
demoted_repeat_indel	57104655	57085410	57119478	informative	67	0.5373	0.9104
demoted_repeat_indel	57106813	57085410	57119478	phantom	61	0.2787	0.6066
demoted_repeat_indel	57446021	57465653	57528647	phantom	67	0.9254	0.5672
demoted_repeat_indel	57462051	57465653	57528647	informative	70	0.5	0.9429
demoted_repeat_indel	57477860	57465653	57528647	phantom	74	0.3784	0.5135
demoted_repeat_indel	57481544	57465653	57528647	ambiguous	72	0.6111	0.8194
demoted_repeat_indel	57481544	57465653	57528647	informative	72	0.4444	0.9861
demoted_repeat_indel	57481593	57465653	57528647	phantom	72	0.0417	0.5278
demoted_repeat_indel	57487547	57465653	57528647	phantom	60	0.4	0.6
demoted_repeat_indel	57490264	57465653	57528647	phantom	55	0.7273	0.5636
demoted_repeat_indel	57544340	57568292	57661366	informative	65	0.5692	1.0
demoted_repeat_indel	57545646	57568292	57661366	informative	64	0.5625	0.9688
demoted_repeat_indel	57545649	57568292	57661366	informative	64	0.5312	1.0
demoted_repeat_indel	57546559	57568292	57661366	informative	70	0.4857	0.9571
demoted_repeat_indel	57561393	57568292	57661366	phantom	71	0.2817	0.5493
demoted_repeat_indel	57572482	57568292	57661366	phantom	80	0.3125	0.5
demoted_repeat_indel	57742039	57764235	57836194	informative	66	0.5455	0.9697
demoted_repeat_indel	57742058	57764235	57836194	informative	66	0.5455	0.9697
demoted_repeat_indel	57742217	57764235	57836194	informative	65	0.4615	0.9846
demoted_repeat_indel	57742412	57764235	57836194	informative	65	0.5385	0.9846
demoted_repeat_indel	57742577	57764235	57836194	informative	65	0.4923	0.9385
demoted_repeat_indel	57747626	57764235	57836194	phantom	70	0.1286	0.5286
demoted_repeat_indel	57747626	57764235	57836194	phantom	70	0.5143	0.5143
demoted_repeat_indel	57747626	57764235	57836194	phantom	70	0.1714	0.5714
demoted_repeat_indel	57750578	57764235	57836194	phantom	65	0.5077	0.6154
demoted_repeat_indel	57754417	57764235	57836194	phantom	66	0.303	0.6212
demoted_repeat_indel	57769562	57764235	57836194	phantom	62	0.4677	0.5323
demoted_repeat_indel	57770332	57764235	57836194	phantom	59	0.2712	0.5254
demoted_repeat_indel	57781945	57764235	57836194	phantom	73	0.7808	0.5753
demoted_repeat_indel	57781945	57764235	57836194	phantom	73	0.3836	0.5342
demoted_repeat_indel	58225632	58247272	58318451	ambiguous	59	0.5763	0.8644
demoted_repeat_indel	58225632	58247272	58318451	phantom	59	0.1186	0.5763
demoted_repeat_indel	58228511	58247272	58318451	ambiguous	71	0.6901	0.7887
demoted_repeat_indel	58232624	58247272	58318451	ambiguous	77	0.3506	0.7922
demoted_repeat_indel	58233580	58247272	58318451	informative	80	0.425	0.9625
demoted_repeat_indel	58233871	58247272	58318451	ambiguous	79	0.3797	0.8734
demoted_repeat_indel	58235262	58247272	58318451	informative	78	0.4487	0.9487
demoted_repeat_indel	58235505	58247272	58318451	phantom	78	0.6667	0.6282
demoted_repeat_indel	58239874	58247272	58318451	informative	78	0.4103	0.9615
demoted_repeat_indel	58240801	58247272	58318451	phantom	74	0.2703	0.527
demoted_repeat_indel	58240970	58247272	58318451	informative	74	0.4324	0.9865
demoted_repeat_indel	58250066	58247272	58318451	phantom	66	0.2121	0.5758
demoted_repeat_indel	58257312	58247272	58318451	phantom	64	0.3281	0.5312
demoted_repeat_indel	58345398	58358691	58391091	phantom	47	0.2766	0.5106
demoted_repeat_indel	58345398	58358691	58391091	phantom	47	0.234	0.5319
demoted_repeat_indel	58346667	58358691	58391091	phantom	45	0.3778	0.5778
demoted_repeat_indel	58350243	58358691	58391091	phantom	45	0.2222	0.6
demoted_repeat_indel	58350686	58358691	58391091	phantom	45	0.5778	0.6222
demoted_repeat_indel	58350686	58358691	58391091	phantom	45	0.1556	0.5778
demoted_repeat_indel	58354508	58358691	58391091	ambiguous	49	0.5918	0.8571
demoted_repeat_indel	58354508	58358691	58391091	informative	49	0.449	1.0
demoted_repeat_indel	58354674	58358691	58391091	ambiguous	49	0.3265	0.8776
demoted_repeat_indel	58355054	58358691	58391091	informative	49	0.4082	1.0
demoted_repeat_indel	58355884	58358691	58391091	phantom	48	0.3958	0.5
demoted_repeat_indel	58356192	58358691	58391091	ambiguous	48	0.25	0.8542
demoted_repeat_indel	58361071	58358691	58391091	ambiguous	52	0.4808	0.8077
demoted_repeat_indel	58364098	58358691	58391091	ambiguous	54	0.2222	0.7037
demoted_repeat_indel	58368046	58358691	58391091	phantom	53	0.0943	0.5283
demoted_repeat_indel	58369381	58358691	58391091	phantom	50	0.24	0.54
demoted_repeat_indel	58369574	58358691	58391091	phantom	49	0.7755	0.551
demoted_repeat_indel	58374971	58358691	58391091	phantom	46	0.2391	0.5435
demoted_repeat_indel	58381026	58358691	58391091	phantom	54	0.2778	0.5185
demoted_repeat_indel	58388096	58358691	58391091	phantom	64	0.4688	0.5156
demoted_repeat_indel	58390338	58358691	58391091	phantom	66	0.2727	0.5455
demoted_repeat_indel	58396614	58421174	58453158	phantom	61	0.3607	0.5082
demoted_repeat_indel	58410727	58421174	58453158	phantom	56	0.2321	0.5179
demoted_repeat_indel	58416191	58421174	58453158	phantom	59	0.5085	0.5593
demoted_repeat_indel	58417251	58421174	58453158	phantom	62	0.2742	0.5161
demoted_repeat_indel	58418872	58421174	58453158	phantom	61	0.623	0.6393
demoted_repeat_indel	58420312	58421174	58453158	phantom	59	0.2881	0.5254
demoted_repeat_indel	58430309	58421174	58453158	phantom	61	0.1967	0.5246
demoted_repeat_indel	58432857	58421174	58453158	phantom	65	0.4769	0.5692
demoted_repeat_indel	58436180	58421174	58453158	phantom	57	0.2456	0.5263
demoted_repeat_indel	58436341	58421174	58453158	phantom	56	0.4107	0.5893
demoted_repeat_indel	58437162	58421174	58453158	phantom	54	0.4259	0.5
demoted_repeat_indel	58444154	58421174	58453158	phantom	39	0.359	0.6154
demoted_repeat_indel	58700423	58703912	58747200	phantom	68	0.3971	0.5147
demoted_repeat_indel	58701124	58703912	58747200	informative	67	0.5075	0.9403
demoted_repeat_indel	58717311	58703912	58747200	phantom	62	0.6935	0.5484
demoted_repeat_indel	60025331	60005003	60058235	ambiguous	50	0.48	0.86
demoted_repeat_indel	60029345	60005003	60058235	informative	60	0.45	0.9833
demoted_repeat_indel	60056029	60005003	60058235	ambiguous	71	0.493	0.8873
demoted_repeat_indel	60098501	60090439	60132282	phantom	67	0.6269	0.5522
demoted_repeat_indel	60105247	60090439	60132282	phantom	70	0.7571	0.5429
demoted_repeat_indel	60105806	60090439	60132282	phantom	69	0.3478	0.5072
demoted_repeat_indel	60115692	60090439	60132282	phantom	72	0.2639	0.5
demoted_repeat_indel	60234813	60243600	60286266	ambiguous	70	0.3857	0.8571
demoted_repeat_indel	60237283	60243600	60286266	informative	76	0.4211	1.0
demoted_repeat_indel	60237283	60243600	60286266	informative	76	0.4079	0.9868
demoted_repeat_indel	60237283	60243600	60286266	informative	75	0.48	0.9067
demoted_repeat_indel	60240412	60243600	60286266	phantom	73	0.2055	0.5342
demoted_repeat_indel	60244200	60243600	60286266	ambiguous	64	0.7812	0.7188
demoted_repeat_indel	60244200	60243600	60286266	ambiguous	64	0.4844	0.7656
demoted_repeat_indel	60244946	60243600	60286266	informative	62	0.6129	0.9194
demoted_repeat_indel	60244946	60243600	60286266	ambiguous	62	0.4516	0.8226
demoted_repeat_indel	60244946	60243600	60286266	ambiguous	62	0.4516	0.8226
demoted_repeat_indel	60245909	60243600	60286266	phantom	65	0.6769	0.6308
demoted_repeat_indel	60254652	60243600	60286266	ambiguous	82	0.5244	0.8902
demoted_repeat_indel	60260646	60243600	60286266	phantom	81	0.3827	0.5062
demoted_repeat_indel	60267910	60243600	60286266	phantom	80	0.4125	0.55
demoted_repeat_indel	60275562	60243600	60286266	phantom	71	0.2254	0.5352
demoted_repeat_indel	60442779	60447075	60467115	phantom	67	0.4328	0.5821
demoted_repeat_indel	60448489	60447075	60467115	phantom	67	0.3582	0.5672
demoted_repeat_indel	60460704	60447075	60467115	phantom	54	0.6296	0.5741
demoted_repeat_indel	60463778	60447075	60467115	phantom	64	0.1562	0.5156
demoted_repeat_indel	60467379	60447075	60467115	informative	63	0.5714	0.9206
demoted_repeat_indel	60469035	60447075	60467115	phantom	60	0.7167	0.55
demoted_repeat_indel	60470567	60447075	60467115	informative	57	0.4737	1.0
demoted_repeat_indel	60470680	60447075	60467115	informative	57	0.5439	0.9298
demoted_repeat_indel	60470736	60447075	60467115	informative	56	0.5	0.9821
demoted_repeat_indel	60477444	60447075	60467115	informative	52	0.5192	1.0
demoted_repeat_indel	60477448	60447075	60467115	informative	52	0.5192	1.0
demoted_repeat_indel	60486898	60447075	60467115	informative	49	0.5714	0.9592
demoted_repeat_indel	60489298	60447075	60467115	informative	40	0.4	1.0
demoted_repeat_indel	60490684	60447075	60467115	informative	42	0.3333	0.9524
demoted_repeat_indel	60713037	60693683	60739811	phantom	63	0.2063	0.5079
demoted_repeat_indel	60718676	60693683	60739811	phantom	55	0.2545	0.5091
demoted_repeat_indel	60881267	60880575	60980031	phantom	51	0.5098	0.5098
demoted_repeat_indel	60890692	60880575	60980031	phantom	58	0.4138	0.5345
demoted_repeat_indel	60906170	60880575	60980031	phantom	65	0.2308	0.6
demoted_repeat_indel	60985599	60991759	61037147	phantom	61	0.377	0.541
demoted_repeat_indel	61001883	60991759	61037147	phantom	50	0.38	0.52
demoted_repeat_indel	61016272	60991759	61037147	phantom	83	0.4699	0.506
demoted_repeat_indel	61275533	61298365	61327386	ambiguous	65	0.4154	0.8923
demoted_repeat_indel	61275533	61298365	61327386	phantom	65	0.2154	0.6923
demoted_repeat_indel	61275554	61298365	61327386	ambiguous	65	0.3077	0.8308
demoted_repeat_indel	61275554	61298365	61327386	ambiguous	65	0.3077	0.8308
demoted_repeat_indel	61275554	61298365	61327386	ambiguous	65	0.3077	0.8308
demoted_repeat_indel	61275753	61298365	61327386	informative	64	0.5312	1.0
demoted_repeat_indel	61277293	61298365	61327386	ambiguous	62	0.5323	0.8226
demoted_repeat_indel	61283902	61298365	61327386	informative	56	0.4821	0.9286
demoted_repeat_indel	61284500	61298365	61327386	informative	56	0.4464	1.0
demoted_repeat_indel	61287084	61298365	61327386	phantom	59	0.2712	0.5763
demoted_repeat_indel	61290920	61298365	61327386	ambiguous	62	0.6613	0.7581
demoted_repeat_indel	61290920	61298365	61327386	ambiguous	62	0.3387	0.7581
demoted_repeat_indel	61290920	61298365	61327386	phantom	62	0.129	0.6129
demoted_repeat_indel	61290920	61298365	61327386	phantom	62	0.1774	0.6613
demoted_repeat_indel	61292044	61298365	61327386	informative	64	0.5312	1.0
demoted_repeat_indel	61293345	61298365	61327386	informative	61	0.5082	0.9672
demoted_repeat_indel	61293689	61298365	61327386	informative	61	0.5246	0.9508
demoted_repeat_indel	61294311	61298365	61327386	ambiguous	59	0.4068	0.8475
demoted_repeat_indel	61295116	61298365	61327386	phantom	62	0.371	0.5
demoted_repeat_indel	61305020	61298365	61327386	phantom	83	0.759	0.506
demoted_repeat_indel	61430692	61440518	61487311	informative	68	0.6471	0.9265
demoted_repeat_indel	61434995	61440518	61487311	ambiguous	67	0.4328	0.7612
demoted_repeat_indel	61443617	61440518	61487311	ambiguous	68	0.3235	0.8088
demoted_repeat_indel	61449758	61440518	61487311	phantom	63	0.2063	0.5079
demoted_repeat_indel	61453117	61440518	61487311	informative	56	0.4107	1.0
demoted_repeat_indel	61467750	61440518	61487311	phantom	73	0.3562	0.5205
demoted_repeat_indel	61857657	61874243	61914474	phantom	48	0.3958	0.6875
demoted_repeat_indel	61861383	61874243	61914474	phantom	61	0.541	0.5082
demoted_repeat_indel	61873420	61874243	61914474	phantom	54	0.3519	0.6296
demoted_repeat_indel	61873420	61874243	61914474	ambiguous	54	0.3148	0.7407
demoted_repeat_indel	61890904	61874243	61914474	phantom	60	0.35	0.5667
demoted_repeat_indel	61894749	61874243	61914474	phantom	64	0.2344	0.5
demoted_repeat_indel	62340123	62335971	62385548	phantom	64	0.1562	0.5312
demoted_repeat_indel	62343117	62335971	62385548	phantom	66	0.2879	0.5152
demoted_repeat_indel	62345685	62335971	62385548	phantom	68	0.3529	0.5294
demoted_repeat_indel	62357770	62335971	62385548	phantom	70	0.2	0.5429
demoted_repeat_indel	62374925	62335971	62385548	phantom	53	0.1698	0.5472
demoted_repeat_indel	62374925	62335971	62385548	phantom	53	0.1887	0.566
demoted_repeat_indel	62390151	62408056	62432427	informative	69	0.5217	0.913
demoted_repeat_indel	62391674	62408056	62432427	phantom	72	0.2917	0.5833
demoted_repeat_indel	62393121	62408056	62432427	informative	76	0.3947	0.9868
demoted_repeat_indel	62395978	62408056	62432427	ambiguous	75	0.4267	0.88
demoted_repeat_indel	62400756	62408056	62432427	informative	68	0.3824	1.0
demoted_repeat_indel	62401180	62408056	62432427	informative	67	0.403	0.9851
demoted_repeat_indel	62410497	62408056	62432427	informative	86	0.4884	0.907
demoted_repeat_indel	62433114	62408056	62432427	ambiguous	64	0.3438	0.8594
control_clean_het_indel	25308876			informative	67	0.4478	1.0
control_clean_het_indel	39311099			informative	70	0.4	1.0
control_clean_het_indel	59255273			informative	67	0.4478	1.0
control_clean_het_indel	2175436			informative	67	0.5672	1.0
control_clean_het_indel	52696411			informative	57	0.5614	1.0
control_clean_het_indel	24884511			informative	60	0.5167	1.0
control_clean_het_indel	4099673			informative	66	0.5152	1.0
control_clean_het_indel	15775703			informative	74	0.5405	1.0
control_clean_het_indel	10507836			informative	63	0.4921	0.9365
control_clean_het_indel	40809497			informative	49	0.4694	0.9592
control_clean_het_indel	53017806			informative	62	0.5645	1.0
control_clean_het_indel	24807601			informative	65	0.4308	1.0
control_clean_het_indel	41270137			informative	74	0.4324	1.0
control_clean_het_indel	60486100			informative	50	0.46	0.96
control_clean_het_indel	9751832			informative	73	0.4521	0.9863
control_clean_het_indel	63126678			informative	52	0.5962	1.0
control_clean_het_indel	24933472			informative	56	0.4821	0.9643
control_clean_het_indel	1387117			informative	67	0.4179	1.0
control_clean_het_indel	20462637			informative	76	0.5	1.0
control_clean_het_indel	46508902			informative	63	0.4603	1.0
control_clean_het_indel	29116787			informative	85	0.4118	0.9412
control_clean_het_indel	17552211			informative	51	0.5294	1.0
control_clean_het_indel	42598605			informative	60	0.4333	1.0
control_clean_het_indel	15914967			informative	72	0.4306	1.0
control_clean_het_indel	6032188			informative	78	0.6154	0.9615
control_clean_het_indel	12757611			informative	51	0.4118	0.9412
control_clean_het_indel	65226928			informative	38	0.4211	1.0
control_clean_het_indel	65219307			informative	35	0.5143	1.0
control_clean_het_indel	50288827			informative	54	0.6111	0.9444
control_clean_het_indel	12161612			informative	85	0.4941	1.0
control_clean_het_indel	12486847			informative	71	0.5915	1.0
control_clean_het_indel	210995			informative	84	0.5119	0.9524
control_clean_het_indel	410527			informative	53	0.5849	1.0
control_clean_het_indel	19962406			informative	69	0.4928	1.0
control_clean_het_indel	16432362			informative	66	0.5	1.0
control_clean_het_indel	16471302			informative	76	0.5263	1.0
control_clean_het_indel	30130408			informative	69	0.4783	1.0
control_clean_het_indel	31666595			informative	66	0.5455	1.0
control_clean_het_indel	18774269			informative	60	0.4	0.95
control_clean_het_indel	60058236			informative	68	0.5	0.9706
control_clean_het_indel	65521596			informative	34	0.5	0.9118
control_clean_het_indel	19305772			informative	66	0.3485	1.0
control_clean_het_indel	17548120			informative	57	0.5088	0.9474
control_clean_het_indel	41755872			informative	61	0.5082	1.0
control_clean_het_indel	30624432			informative	51	0.4118	1.0
control_clean_het_indel	39722572			informative	63	0.4603	1.0
control_clean_het_indel	14328021			informative	80	0.4875	1.0
control_clean_het_indel	25915080			informative	71	0.5211	1.0
control_clean_het_indel	5606014			informative	92	0.4783	0.9891
control_clean_het_indel	34270732			informative	54	0.4444	1.0
control_clean_het_indel	30892238			phantom	77	0.6104	0.6234
control_clean_het_indel	64682726			informative	64	0.5	1.0
control_clean_het_indel	63745806			informative	59	0.4576	0.9831
control_clean_het_indel	300341			informative	67	0.4776	1.0
control_clean_het_indel	64387139			informative	37	0.4595	1.0
control_clean_het_indel	34705368			informative	73	0.3973	1.0
control_clean_het_indel	5766859			informative	53	0.4906	1.0
control_clean_het_indel	31134717			informative	89	0.4944	0.9888
control_clean_het_indel	53765115			informative	63	0.5238	0.9683
control_clean_het_indel	17934063			informative	48	0.3958	0.9375
control_clean_het_indel	53778952			informative	63	0.5079	1.0
control_clean_het_indel	4827075			informative	47	0.4894	1.0
control_clean_het_indel	25343347			informative	55	0.4545	1.0
control_clean_het_indel	1780826			informative	77	0.5195	1.0
control_clean_het_indel	38895940			informative	61	0.5738	1.0
control_clean_het_indel	46152759			informative	65	0.4923	0.9692
control_clean_het_indel	61521798			informative	67	0.6269	0.9851
control_clean_het_indel	47814208			informative	72	0.4583	0.9861
control_clean_het_indel	40068881			informative	61	0.541	1.0
control_clean_het_indel	41023524			informative	65	0.6	1.0
control_clean_het_indel	63394040			informative	55	0.4727	0.9818
control_clean_het_indel	792544			informative	73	0.4932	0.9863
control_clean_het_indel	3438982			informative	71	0.5352	1.0
control_clean_het_indel	17538966			informative	64	0.4844	0.9688
control_clean_het_indel	65404598			informative	56	0.5893	1.0
control_clean_het_indel	18612900			informative	75	0.5067	1.0
control_clean_het_indel	11051547			informative	69	0.5507	1.0
control_clean_het_indel	24748851			informative	66	0.5152	0.9545
control_clean_het_indel	51929932			informative	61	0.623	0.9672
control_clean_het_indel	36708186			informative	53	0.5283	0.9811
control_clean_het_indel	57416106			informative	61	0.4754	0.9836
control_clean_het_indel	58642954			informative	61	0.5246	0.9508
control_clean_het_indel	24965790			informative	66	0.4091	1.0
control_clean_het_indel	51936046			informative	61	0.541	1.0
control_clean_het_indel	40412794			informative	83	0.5301	0.988
control_clean_het_indel	30436652			informative	49	0.4286	1.0
control_clean_het_indel	2572282			informative	60	0.4833	1.0
control_clean_het_indel	48904492			informative	61	0.4098	0.9508
control_clean_het_indel	8451398			informative	67	0.403	0.9851
control_clean_het_indel	19843313			informative	68	0.6029	1.0
control_clean_het_indel	57417144			informative	66	0.5303	1.0
control_clean_het_indel	64972651			phantom	22	0.6818	0.6818
control_clean_het_indel	39771878			informative	83	0.5542	1.0
control_clean_het_indel	14801116			informative	68	0.5	0.9559
control_clean_het_indel	35596619			informative	63	0.5079	1.0
control_clean_het_indel	27375063			ambiguous	70	0.2	0.8286
control_clean_het_indel	60739873			informative	69	0.4348	0.913
control_clean_het_indel	8535779			informative	68	0.4853	0.9853
control_clean_het_indel	31523003			informative	80	0.475	1.0
control_clean_het_indel	31942570			informative	73	0.5068	0.9863
control_clean_het_indel	31138207			informative	80	0.4375	1.0
control_clean_het_indel	17208398			informative	69	0.4783	1.0
control_clean_het_indel	6799186			informative	79	0.5063	1.0
control_clean_het_indel	65556465			informative	50	0.4	1.0
control_clean_het_indel	14839780			informative	82	0.4512	1.0
control_clean_het_indel	31288850			informative	64	0.4531	1.0
control_clean_het_indel	53915541			informative	64	0.5156	1.0
control_clean_het_indel	16012822			informative	75	0.5467	0.9867
control_clean_het_indel	3651449			informative	67	0.4776	1.0
control_clean_het_indel	7509248			informative	51	0.3922	0.9804
control_clean_het_indel	64580359			informative	54	0.4259	1.0
control_clean_het_indel	59451088			informative	57	0.4211	1.0
control_clean_het_indel	46233932			informative	67	0.4627	1.0
control_clean_het_indel	2389805			informative	75	0.5333	1.0
control_clean_het_indel	23643573			informative	76	0.5	1.0
control_clean_het_indel	64260564			informative	31	0.5484	1.0
control_clean_het_indel	36702511			informative	52	0.4615	1.0
control_clean_het_indel	48176831			informative	74	0.6216	0.9595
control_clean_het_indel	2391621			phantom	74	0.0541	0.5811
control_clean_het_indel	55112369			informative	91	0.4505	1.0
control_clean_het_indel	19703608			informative	71	0.5352	0.9859
control_clean_het_indel	12387515			informative	68	0.3971	0.9559
control_clean_het_indel	12503659			informative	78	0.6538	1.0
control_clean_het_indel	65892687			informative	48	0.625	0.9583
control_clean_het_indel	10005568			informative	65	0.5385	0.9385
control_clean_het_indel	49312408			informative	71	0.5352	0.9718
control_clean_het_indel	40874383			informative	55	0.5455	1.0
control_clean_het_indel	14922784			informative	70	0.4	0.9857
control_clean_het_indel	4942523			informative	57	0.4737	1.0
control_clean_het_indel	30392393			informative	65	0.4923	1.0
control_clean_het_indel	13145638			informative	65	0.5692	0.9846
control_clean_het_indel	65266748			ambiguous	37	0.2432	0.7297
control_clean_het_indel	16598744			informative	62	0.5484	1.0
control_clean_het_indel	58479981			informative	62	0.5161	1.0
control_clean_het_indel	50918885			informative	80	0.5875	0.9875
control_clean_het_indel	54259946			informative	77	0.4286	1.0
control_clean_het_indel	53610652			informative	57	0.4737	1.0
control_clean_het_indel	27356028			phantom	28	0.6071	0.6071
control_clean_het_indel	30211933			informative	71	0.5634	1.0
control_clean_het_indel	53107340			informative	61	0.623	0.9672
control_clean_het_indel	46103818			informative	57	0.386	1.0
control_clean_het_indel	14355154			informative	65	0.6	0.9846
control_clean_het_indel	10491088			informative	89	0.4831	1.0
control_clean_het_indel	41039310			informative	76	0.5921	1.0
control_clean_het_indel	59376372			informative	57	0.4561	1.0
control_clean_het_indel	17415415			informative	57	0.5439	0.9474
control_clean_het_indel	65569599			informative	48	0.6042	1.0
control_clean_het_indel	55765671			informative	61	0.459	0.9836
control_clean_het_indel	34895374			informative	62	0.4677	1.0
control_clean_het_indel	17525541			informative	61	0.3607	0.9508
control_clean_het_indel	8248941			informative	78	0.5897	1.0
control_clean_het_indel	57955669			informative	72	0.4861	1.0
control_clean_het_indel	61159641			informative	56	0.4464	0.9286
control_clean_het_indel	5533835			informative	73	0.5479	0.9589
control_clean_het_indel	63773684			informative	45	0.5556	1.0
control_clean_het_indel	2402437			informative	54	0.4259	0.9815
control_clean_het_indel	31131653			informative	89	0.4719	1.0
control_clean_het_indel	39805912			informative	68	0.4706	1.0
control_clean_het_indel	62490790			informative	51	0.5294	1.0
control_clean_het_indel	29271418			phantom	55	0.3091	0.6545
control_clean_het_indel	54062833			informative	60	0.3333	0.9667
control_clean_het_indel	26009123			informative	78	0.5385	1.0
control_clean_het_indel	63582985			informative	57	0.4912	0.9825
control_clean_het_indel	1262264			informative	91	0.5165	1.0
control_clean_het_indel	53197351			informative	67	0.5522	1.0
control_clean_het_indel	60862118			informative	69	0.4928	1.0
control_clean_het_indel	33171627			informative	47	0.4894	0.9574
control_msa_verified_het	32489105			phantom	43	0.6047	0.5116
control_msa_verified_het	29515409			ambiguous	99	0.1919	0.8182
control_msa_verified_het	26500721			informative	40	0.9	0.9
control_msa_verified_het	49157146			informative	59	0.4407	0.9492
control_msa_verified_het	32177072			ambiguous	53	0.2642	0.7358
control_msa_verified_het	32336212			informative	61	0.082	0.918
control_msa_verified_het	26729293			ambiguous	23	0.2609	0.7391
control_msa_verified_het	32336133			ambiguous	62	0.1935	0.8065
control_msa_verified_het	37578540			phantom	68	0.4559	0.6029
control_msa_verified_het	60946299			ambiguous	73	0.3699	0.8219
control_msa_verified_het	49794035			phantom	64	0.8906	0.5156
control_msa_verified_het	26954360			phantom	85	0.1529	0.6
control_msa_verified_het	52412909			phantom	58	0.8448	0.5862
control_msa_verified_het	13574902			phantom	86	0.2674	0.593
control_msa_verified_het	55800267			phantom	74	0.0541	0.527
control_msa_verified_het	55612253			informative	62	0.4839	0.9516
control_msa_verified_het	33823967			phantom	72	0.4028	0.5139
control_msa_verified_het	29314068			phantom	61	0.1148	0.5082
control_msa_verified_het	26797384			ambiguous	47	0.4043	0.8298
control_msa_verified_het	32314039			ambiguous	13	0.2308	0.7692
control_msa_verified_het	11255371			phantom	85	0.9529	0.5765
control_msa_verified_het	32314583			phantom	12	0.5833	0.5833
control_msa_verified_het	13389282			phantom	77	0.5195	0.5844
control_msa_verified_het	17484477			informative	56	0.5	0.9643
control_msa_verified_het	52264882			informative	54	0.5	1.0
control_msa_verified_het	26797101			phantom	51	0.098	0.6275
control_msa_verified_het	54434798			phantom	88	0.0341	0.5682
control_msa_verified_het	30784479			ambiguous	13	0.6154	0.7692
control_msa_verified_het	33942806			phantom	67	0.0448	0.5672
control_msa_verified_het	3862575			phantom	77	0.9481	0.5844
control_msa_verified_het	36259923			phantom	62	0.2903	0.5806
control_msa_verified_het	29193982			phantom	55	0.0545	0.6
control_msa_verified_het	13550295			phantom	70	0.2714	0.5429
control_msa_verified_het	32335343			ambiguous	42	0.119	0.881
control_msa_verified_het	41885035			ambiguous	77	0.4805	0.8961
control_msa_verified_het	60722059			ambiguous	60	0.3333	0.8167
control_msa_verified_het	32309438			ambiguous	15	0.2	0.8
control_msa_verified_het	32337316			ambiguous	57	0.2281	0.7719
control_msa_verified_het	60732866			informative	62	0.4839	0.9839
control_msa_verified_het	26581672			ambiguous	86	0.5465	0.7907
control_msa_verified_het	32335481			informative	61	0.0984	0.9016
control_msa_verified_het	32316836			phantom	10	0.4	0.6
control_msa_verified_het	1902749			ambiguous	30	0.3333	0.8
control_msa_verified_het	16730591			informative	70	0.5286	0.9286
control_msa_verified_het	32319355			phantom	10	0.4	0.6
control_msa_verified_het	32335497			ambiguous	55	0.2182	0.7818
control_msa_verified_het	32336274			informative	61	0.082	0.918
control_msa_verified_het	14702496			phantom	89	0.3034	0.5843
control_msa_verified_het	20517453			phantom	69	0.8406	0.5942
control_msa_verified_het	39835594			ambiguous	58	0.5172	0.7931
control_msa_verified_het	33751508			phantom	62	0.2419	0.5
control_msa_verified_het	32335644			informative	61	0.0984	0.9016
control_msa_verified_het	36219095			ambiguous	77	0.4156	0.7403
control_msa_verified_het	22505069			phantom	68	0.9118	0.5588
control_msa_verified_het	13382077			informative	82	0.4146	1.0
control_msa_verified_het	8997135			phantom	80	0.05	0.625
control_msa_verified_het	6926942			informative	70	0.4857	0.9143
control_msa_verified_het	26587671			ambiguous	237	0.0928	0.8481
control_msa_verified_het	64755263			phantom	58	0.2759	0.6897
control_msa_verified_het	30786418			phantom	30	0.4333	0.5333
control_msa_verified_het	29190367			ambiguous	37	0.1081	0.8378
control_msa_verified_het	29516274			ambiguous	97	0.6907	0.701
control_msa_verified_het	26953035			phantom	63	0.4444	0.6825
control_msa_verified_het	32336528			informative	61	0.082	0.918
control_msa_verified_het	2344170			informative	63	0.4286	0.9365
control_msa_verified_het	32319494			phantom	10	0.4	0.6
control_msa_verified_het	23751257			phantom	70	0.5571	0.5429
control_msa_verified_het	36194852			phantom	64	0.1875	0.5469
control_msa_verified_het	58299650			phantom	52	0.0962	0.5769
control_msa_verified_het	26952641			phantom	70	0.1857	0.5429
control_msa_verified_het	26953850			ambiguous	81	0.3457	0.7531
control_msa_verified_het	26498923			informative	69	0.6377	0.971
control_msa_verified_het	54607448			ambiguous	62	0.2903	0.871
control_msa_verified_het	26955907			phantom	113	0.1681	0.5841
control_msa_verified_het	7090911			phantom	73	0.0411	0.5068
control_msa_verified_het	33841516			phantom	60	0.2333	0.5667
control_msa_verified_het	50562680			informative	65	0.5077	0.9385
control_msa_verified_het	1903689			phantom	17	0.6471	0.5882
control_msa_verified_het	32335275			ambiguous	47	0.1064	0.8936
control_msa_verified_het	4874131			ambiguous	47	0.3191	0.7872
control_msa_verified_het	32207221			informative	53	0.566	1.0
control_msa_verified_het	61890904			phantom	60	0.35	0.5667
control_msa_verified_het	26501466			informative	58	0.6034	0.9655
control_msa_verified_het	64144942			ambiguous	52	0.3654	0.8846
control_msa_verified_het	49430043			phantom	59	0.2712	0.5763
control_msa_verified_het	26955019			phantom	103	0.0583	0.6117
control_msa_verified_het	49047359			phantom	64	0.0469	0.6719
control_msa_verified_het	32317405			phantom	11	0.3636	0.6364
control_msa_verified_het	32336053			informative	62	0.0968	0.9032
control_msa_verified_het	26798415			phantom	42	0.3333	0.5238
control_msa_verified_het	29516770			ambiguous	92	0.6739	0.7174
control_msa_verified_het	11362354			ambiguous	78	0.4744	0.7821
control_msa_verified_het	12979913			phantom	65	0.2462	0.5077
control_msa_verified_het	32319745			phantom	15	0.4667	0.5333
control_msa_verified_het	26953135			phantom	93	0.0323	0.6559
control_msa_verified_het	64140315			ambiguous	49	0.6122	0.8163
control_msa_verified_het	17484511			informative	56	0.4821	0.9464
control_msa_verified_het	8946172			informative	70	0.5	0.9429
control_msa_verified_het	32335183			ambiguous	43	0.1395	0.8605
control_msa_verified_het	49679770			ambiguous	59	0.4237	0.8644
control_msa_verified_het	57487547			phantom	60	0.4	0.6
control_msa_verified_het	32336522			informative	62	0.0806	0.9194
control_msa_verified_het	120159			phantom	68	0.2647	0.5
control_msa_verified_het	26953103			phantom	69	0.4928	0.6377
control_msa_verified_het	6565625			phantom	76	0.0526	0.5263
control_msa_verified_het	26590216			informative	336	0.0744	0.9732
control_msa_verified_het	32317510			ambiguous	14	0.2143	0.7857
control_msa_verified_het	58986973			informative	75	0.6267	0.9333
control_msa_verified_het	32335291			ambiguous	43	0.1163	0.8837
control_msa_verified_het	10746478			informative	79	0.443	0.9494
control_msa_verified_het	26590058			ambiguous	320	0.0781	0.8187
control_msa_verified_het	32335598			informative	61	0.0984	0.9016
control_msa_verified_het	56082079			phantom	73	0.137	0.5753
control_msa_verified_het	32317449			phantom	11	0.3636	0.6364
control_msa_verified_het	26952765			phantom	69	0.1014	0.5942
control_msa_verified_het	29310809			phantom	59	0.0678	0.5085
control_msa_verified_het	65170232			informative	12	0.5833	1.0
control_msa_verified_het	30789955			ambiguous	25	0.56	0.72
control_msa_verified_het	26501134			informative	59	0.661	1.0
control_msa_verified_het	30785235			phantom	30	0.4333	0.5
control_msa_verified_het	26953017			phantom	68	0.4559	0.6324
control_msa_verified_het	26953192			phantom	69	0.1159	0.5797
control_msa_verified_het	54546291			informative	79	0.5316	1.0
control_msa_verified_het	58726830			phantom	45	0.2667	0.5556
control_msa_verified_het	32319693			phantom	12	0.5	0.5
control_msa_verified_het	26493556			informative	71	0.6901	0.9437
control_msa_verified_het	37984530			informative	55	0.4909	0.9273
control_msa_verified_het	26581063			ambiguous	80	0.3	0.7625
control_msa_verified_het	30790907			phantom	39	0.3333	0.5641
control_msa_verified_het	26587860			informative	249	0.7349	0.9679
control_msa_verified_het	61738226			informative	69	0.5072	0.9855
control_msa_verified_het	26582195			ambiguous	44	0.1364	0.8409
control_msa_verified_het	30789085			phantom	36	0.3611	0.5556
control_msa_verified_het	60524848			phantom	72	0.0972	0.6111
control_msa_verified_het	11456274			phantom	83	0.506	0.5181
control_msa_verified_het	1902502			phantom	30	0.1	0.5
control_msa_verified_het	7280357			phantom	65	0.8154	0.6769
control_msa_verified_het	32336483			ambiguous	49	0.102	0.898
