pos	ref	alt	provenance	category	how	reads	scored	segregation	hap1_is	in_gap
55835060	G	A	both	CLEAN_HET_SNP	base	79	79	1.0	PATERNAL	0
55843827	G	A	both	CLEAN_HET_SNP	base	71	71	1.0	PATERNAL	1
55815775	CAAAAAAAAAAAAAAAAAAA	C	catalog	-	net	61	61	0.5082	PATERNAL	0
55835839	GT	G	catalog	-	net	77	77	0.5584	MATERNAL	0
55852630	AAAAA	.	candidate	NOISY_CAND_HOM	net	69	69	0.5362	PATERNAL	1
55834372	ATT	A	catalog	-	net	79	79	0.5443	MATERNAL	0
55855083	TT	T	catalog	-	net	71	71	0.5211	MATERNAL	1
55870895	GA	GG	catalog	-	net	61	61	0.5902	MATERNAL	1
55883018	GAATATATATATATATAT	GA	catalog	-	net	67	67	0.597	PATERNAL	1
55898754	TT	T	catalog	-	net	66	66	0.5758	MATERNAL	0
55883731	CACA	.	candidate	NOISY_CAND_HOM	net	66	66	0.5758	PATERNAL	1
55869679	C	CA	catalog	-	net	64	64	0.5312	MATERNAL	1
55889113	A	T	both	CLEAN_HET_SNP	base	63	63	1.0	PATERNAL	1
