gap_left	pos	kind	records	covering	dp	counted	dp_over_cov	modes_with_support	reads_matching_emitted	matched_frac	unrepresented_modes	biggest_unrepresented	assignment_purity	category
48183976	48183977	INDEL	1	75	75	75	1.0	2	71	0.947	0	-	1.0	CLEAN_HET_INDEL
48183976	48184084	SNP	1	75	75	75	1.0	1	75	1.0	0	-	0.56	CLEAN_HOM
48183976	48184378	SNP	1	74	74	74	1.0	1	74	1.0	0	-	0.554	CLEAN_HOM
48183976	48184613	INDEL	1	74	72	72	0.973	3	4	0.054	3	6:35	-1.0	NOISY_CAND_HOM
48183976	48184632	INDEL	1	76	72	72	0.947	3	5	0.066	3	6:34	-1.0	NOISY_CAND_HOM
48183976	48185433	SNP	1	73	73	73	1.0	1	73	1.0	0	-	0.575	CLEAN_HOM
48183976	48185437	SNP	1	73	73	73	1.0	1	72	0.986	0	-	0.569	CLEAN_HOM
48183976	48186259	SNP	1	69	69	69	1.0	1	69	1.0	0	-	0.594	CLEAN_HOM
48183976	48186677	INDEL	1	66	62	62	0.939	2	50	0.758	1	-4:11	0.522	NOISY_CAND_HOM
48183976	48186739	SNP	1	66	67	67	1.015	1	66	1.0	0	-	0.576	CLEAN_HOM
48183976	48187232	SNP	1	69	69	69	1.0	1	69	1.0	0	-	0.536	CLEAN_HOM
48183976	48187260	SNP	1	70	69	69	0.986	1	70	1.0	0	-	0.529	CLEAN_HOM
48183976	48187412	SNP	1	69	69	69	1.0	1	69	1.0	0	-	0.507	CLEAN_HOM
48183976	48187651	SNP	1	69	69	69	1.0	1	69	1.0	0	-	0.507	CLEAN_HOM
48183976	48187799	SNP	1	69	70	70	1.014	1	69	1.0	0	-	0.507	CLEAN_HOM
48183976	48187806	SNP	1	69	70	70	1.014	1	69	1.0	0	-	0.507	CLEAN_HOM
48183976	48189307	SNP	1	67	67	67	1.0	1	67	1.0	0	-	0.507	CLEAN_HOM
48183976	48189436	SNP	1	65	66	66	1.015	1	65	1.0	0	-	0.508	CLEAN_HOM
48183976	48191453	SNP	1	62	62	62	1.0	1	62	1.0	0	-	0.516	CLEAN_HOM
48183976	48191639	SNP	1	60	61	61	1.017	1	60	1.0	0	-	0.517	CLEAN_HOM
48183976	48192903	INDEL	1	56	56	56	1.0	1	55	0.982	0	-	0.545	CLEAN_HOM
48183976	48193233	INDEL	1	51	53	53	1.039	2	46	0.902	1	-2:5	0.535	CLEAN_HOM
48183976	48195475	SNP	1	55	55	55	1.0	1	55	1.0	0	-	0.564	CLEAN_HOM
48183976	48195984	INDEL	1	57	58	58	1.018	1	56	0.982	0	-	0.536	CLEAN_HOM
48183976	48196248	SNP	1	56	56	56	1.0	1	56	1.0	0	-	0.536	CLEAN_HOM
48183976	48196750	INDEL	1	57	15	15	0.263	2	50	0.877	1	-2:7	0.5	NOISY_CAND_HOM
48183976	48198001	SNP	1	61	60	60	0.984	1	61	1.0	0	-	0.525	CLEAN_HOM
48183976	48200320	SNP	1	66	66	66	1.0	1	66	1.0	0	-	0.515	CLEAN_HOM
48183976	48200792	INDEL	1	68	68	68	1.0	1	65	0.956	0	-	0.508	CLEAN_HOM
48183976	48202037	SNP	1	69	68	68	0.986	1	69	1.0	0	-	0.522	CLEAN_HOM
48183976	48202057	INDEL	1	69	68	68	0.986	2	65	0.942	0	-	0.5	NOISY_CAND_HET
48183976	48202626	SNP	1	72	72	72	1.0	1	72	1.0	0	-	0.5	CLEAN_HOM
48183976	48203375	SNP	1	71	71	71	1.0	1	71	1.0	0	-	0.521	CLEAN_HOM
48183976	48204283	SNP	1	71	71	71	1.0	1	71	1.0	0	-	0.563	CLEAN_HOM
48183976	48204384	INDEL	1	71	71	71	1.0	3	56	0.789	1	-2:12	0.931	NOISY_CAND_HET
48183976	48204973	SNP	1	72	72	72	1.0	1	72	1.0	0	-	0.542	CLEAN_HOM
48183976	48205640	INDEL	1	73	67	67	0.918	2	69	0.945	0	-	0.557	CLEAN_HOM
48183976	48206333	SNP	1	76	76	76	1.0	1	76	1.0	0	-	0.539	CLEAN_HOM
48183976	48206402	SNP	1	75	75	75	1.0	1	75	1.0	0	-	0.547	CLEAN_HOM
48183976	48207341	SNP	1	73	73	73	1.0	1	73	1.0	0	-	0.521	CLEAN_HOM
48183976	48207749	INDEL	1	75	76	76	1.013	1	74	0.987	0	-	0.521	CLEAN_HOM
48183976	48208227	SNP	1	76	76	76	1.0	1	76	1.0	0	-	0.513	CLEAN_HOM
48183976	48208327	SNP	1	75	75	75	1.0	1	75	1.0	0	-	0.507	CLEAN_HOM
48183976	48209094	SNP	1	79	78	78	0.987	1	79	1.0	0	-	0.506	CLEAN_HOM
48183976	48209732	SNP	1	84	84	84	1.0	1	84	1.0	0	-	0.512	CLEAN_HOM
48183976	48210205	SNP	1	84	84	84	1.0	1	84	1.0	0	-	0.512	CLEAN_HOM
48183976	48210485	INDEL	1	83	7	7	0.084	3	72	0.867	1	2:10	0.577	NOISY_CAND_HOM
48183976	48210637	SNP	1	83	83	83	1.0	1	83	1.0	0	-	0.518	CLEAN_HOM
48183976	48210664	SNP	1	83	83	83	1.0	1	83	1.0	0	-	0.518	CLEAN_HOM
48183976	48211881	SNP	1	88	88	88	1.0	1	88	1.0	0	-	0.523	CLEAN_HOM
48183976	48211890	SNP	1	88	86	86	0.977	1	88	1.0	0	-	0.523	CLEAN_HOM
48183976	48212609	SNP	1	88	87	87	0.989	1	88	1.0	0	-	0.534	CLEAN_HOM
48183976	48217799	SNP	1	82	80	80	0.976	1	82	1.0	0	-	0.561	CLEAN_HOM
48183976	48218399	SNP	1	86	83	83	0.965	1	86	1.0	0	-	0.57	CLEAN_HOM
48183976	48220746	SNP	1	87	86	86	0.989	1	87	1.0	0	-	0.586	CLEAN_HOM
48183976	48220761	SNP	1	87	86	86	0.989	1	87	1.0	0	-	0.586	CLEAN_HOM
48183976	48221207	SNP	1	83	82	82	0.988	1	83	1.0	0	-	0.566	CLEAN_HOM
48183976	48221682	SNP	1	82	83	83	1.012	1	82	1.0	0	-	0.561	CLEAN_HOM
48183976	48222720	SNP	1	75	76	76	1.013	1	75	1.0	0	-	0.568	CLEAN_HOM
48183976	48223075	SNP	1	73	69	69	0.945	1	69	0.945	0	-	0.594	CLEAN_HOM
48183976	48223110	SNP	1	73	73	73	1.0	1	73	1.0	0	-	0.575	CLEAN_HOM
48183976	48223646	SNP	1	74	74	74	1.0	1	74	1.0	0	-	0.581	CLEAN_HOM
48183976	48223824	SNP	1	75	75	75	1.0	1	75	1.0	0	-	0.573	CLEAN_HOM
48183976	48223865	SNP	1	75	76	76	1.013	1	75	1.0	0	-	0.573	CLEAN_HOM
48183976	48224523	INDEL	1	75	72	72	0.96	4	0	0.0	4	-32:58	-1.0	CLEAN_HOM
48183976	48224524	INDEL	1	75	48	48	0.64	4	55	0.733	3	-33:7	0.6	NOISY_CAND_HOM
48183976	48224553	INDEL	1	75	73	73	0.973	2	69	0.92	1	-1:6	-1.0	CLEAN_HOM
48183976	48224940	INDEL	1	75	49	49	0.653	3	57	0.76	1	-2:15	0.653	NOISY_CAND_HOM
48183976	48224941	INDEL	1	75	71	71	0.947	3	23	0.307	1	-1:49	0.6	CLEAN_HOM
48183976	48225787	INDEL	2	75	104	104	1.387	4	56	0.747	1	-7:8	1.0	NOISY_CAND_HET
48183976	48229227	INDEL	1	60	60	60	1.0	4	47	0.783	2	-2:8	0.897	NOISY_CAND_HET
48183976	48229446	SNP	1	59	60	60	1.017	2	59	1.0	0	-	1.0	CLEAN_HET_SNP
55843827	55843827	SNP	1	72	72	72	1.0	2	71	0.986	0	-	1.0	CLEAN_HET_SNP
55843827	55844555	SNP	1	71	71	71	1.0	1	71	1.0	0	-	0.563	CLEAN_HOM
55843827	55845096	SNP	1	69	69	69	1.0	1	69	1.0	0	-	0.551	CLEAN_HOM
55843827	55845675	SNP	1	75	74	74	0.987	1	75	1.0	0	-	0.587	CLEAN_HOM
55843827	55845820	SNP	1	74	73	73	0.986	1	74	1.0	0	-	0.575	CLEAN_HOM
55843827	55846005	INDEL	1	74	65	65	0.878	3	47	0.635	2	2:17	0.553	NOISY_CAND_HOM
55843827	55846163	SNP	1	74	73	73	0.986	1	74	1.0	0	-	0.581	CLEAN_HOM
55843827	55846788	SNP	1	73	73	73	1.0	1	73	1.0	0	-	0.575	CLEAN_HOM
55843827	55846972	SNP	1	75	73	73	0.973	1	75	1.0	0	-	0.56	CLEAN_HOM
55843827	55847204	SNP	1	75	74	74	0.987	1	75	1.0	0	-	0.56	CLEAN_HOM
55843827	55847824	SNP	1	72	71	71	0.986	1	72	1.0	0	-	0.569	CLEAN_HOM
55843827	55848522	SNP	1	71	70	70	0.986	1	71	1.0	0	-	0.577	CLEAN_HOM
55843827	55850353	SNP	1	70	70	70	1.0	1	70	1.0	0	-	0.557	CLEAN_HOM
55843827	55851060	SNP	1	69	69	69	1.0	1	69	1.0	0	-	0.507	CLEAN_HOM
55843827	55852630	INDEL	1	69	33	33	0.478	3	41	0.594	2	-6:18	0.561	NOISY_CAND_HOM
55843827	55852633	INDEL	1	69	62	62	0.899	3	40	0.58	2	-6:19	0.575	CLEAN_HOM
55843827	55852682	INDEL	1	69	69	69	1.0	2	57	0.826	1	-2:9	0.519	CLEAN_HOM
55843827	55853384	SNP	1	73	73	73	1.0	1	73	1.0	0	-	0.507	CLEAN_HOM
55843827	55853385	SNP	1	73	73	73	1.0	1	73	1.0	0	-	0.507	CLEAN_HOM
55843827	55853447	SNP	1	73	73	73	1.0	1	73	1.0	0	-	0.507	CLEAN_HOM
55843827	55853955	SNP	1	73	73	73	1.0	1	73	1.0	0	-	0.507	CLEAN_HOM
55843827	55854362	SNP	1	74	76	76	1.027	1	74	1.0	0	-	0.5	CLEAN_HOM
55843827	55854642	SNP	1	75	76	76	1.013	1	75	1.0	0	-	0.52	CLEAN_HOM
55843827	55854996	SNP	1	71	71	71	1.0	1	71	1.0	0	-	0.535	CLEAN_HOM
55843827	55855942	SNP	1	68	68	68	1.0	1	68	1.0	0	-	0.529	CLEAN_HOM
55843827	55856705	SNP	1	66	66	66	1.0	1	66	1.0	0	-	0.515	CLEAN_HOM
55843827	55857098	INDEL	1	66	14	14	0.212	3	32	0.485	2	-3:26	0.5	NOISY_CAND_HOM
55843827	55858666	SNP	1	62	62	62	1.0	1	62	1.0	0	-	0.516	CLEAN_HOM
55843827	55859867	SNP	1	60	61	61	1.017	1	60	1.0	0	-	0.55	CLEAN_HOM
55843827	55860657	SNP	1	60	60	60	1.0	1	60	1.0	0	-	0.533	CLEAN_HOM
55843827	55860910	SNP	1	61	61	61	1.0	1	60	0.984	0	-	0.533	CLEAN_HOM
55843827	55861268	INDEL	1	63	62	62	0.984	3	52	0.825	1	-2:9	0.697	NOISY_CAND_HET
55843827	55861998	SNP	1	61	60	60	0.984	1	61	1.0	0	-	0.525	CLEAN_HOM
55843827	55862207	SNP	1	60	59	59	0.983	1	58	0.967	0	-	0.5	CLEAN_HOM
55843827	55862240	INDEL	1	61	60	60	0.984	3	41	0.672	1	14:18	1.0	NOISY_CAND_HET
55843827	55862270	INDEL	1	61	60	60	0.984	3	48	0.787	1	14:9	1.0	NOISY_CAND_HET
55843827	55862704	SNP	1	62	60	60	0.968	1	62	1.0	0	-	0.516	CLEAN_HOM
55843827	55864599	SNP	1	63	62	62	0.984	1	63	1.0	0	-	0.508	CLEAN_HOM
55843827	55864830	INDEL	1	62	61	61	0.984	1	58	0.935	0	-	0.517	NOISY_CAND_HOM
55843827	55864838	INDEL	1	62	62	62	1.0	1	59	0.952	0	-	0.508	CLEAN_HOM
55843827	55864896	SNP	1	63	62	62	0.984	1	63	1.0	0	-	0.508	CLEAN_HOM
55843827	55865090	SNP	1	63	62	62	0.984	1	63	1.0	0	-	0.508	CLEAN_HOM
55843827	55865129	SNP	1	63	61	61	0.968	1	63	1.0	0	-	0.508	CLEAN_HOM
55843827	55865858	INDEL	1	65	64	64	0.985	1	65	1.0	0	-	0.508	CLEAN_HOM
55843827	55867094	INDEL	1	64	64	64	1.0	2	59	0.922	0	-	0.56	NOISY_CAND_HET
55843827	55871837	INDEL	1	61	55	55	0.902	4	41	0.672	2	-1:10	0.778	NOISY_CAND_HET
55843827	55882617	INDEL	1	68	66	66	0.971	4	51	0.75	2	-2:10	0.522	NOISY_CAND_HET
55843827	55883020	INDEL	2	67	52	52	0.776	2	59	0.881	0	-	0.839	NOISY_CAND_HET
55843827	55883731	INDEL	1	66	41	41	0.621	2	58	0.879	1	-6:5	0.509	NOISY_CAND_HOM
55843827	55889113	SNP	1	63	63	63	1.0	2	63	1.0	0	-	1.0	CLEAN_HET_SNP
24105188	24105188	SNP	1	61	60	60	0.984	2	61	1.0	0	-	1.0	CLEAN_HET_SNP
24105188	24105787	SNP	1	60	59	59	0.983	1	60	1.0	0	-	0.517	CLEAN_HOM
24105188	24109001	SNP	1	66	66	66	1.0	1	66	1.0	0	-	0.561	CLEAN_HOM
24105188	24111829	SNP	1	75	75	75	1.0	1	75	1.0	0	-	0.6	CLEAN_HOM
24105188	24112082	SNP	1	75	75	75	1.0	1	75	1.0	0	-	0.6	CLEAN_HOM
24105188	24120519	INDEL	1	79	79	79	1.0	1	75	0.949	0	-	0.613	CLEAN_HOM
24105188	24121714	INDEL	2	74	8	8	0.108	6	29	0.392	4	3:11	1.0	NOISY_CAND_HET
24105188	24123429	SNP	1	71	69	69	0.972	1	69	0.972	0	-	0.551	CLEAN_HOM
24105188	24124173	SNP	1	74	74	74	1.0	1	74	1.0	0	-	0.554	CLEAN_HOM
24105188	24125284	SNP	1	71	71	71	1.0	1	71	1.0	0	-	0.592	CLEAN_HOM
24105188	24126334	SNP	1	68	68	68	1.0	1	68	1.0	0	-	0.603	CLEAN_HOM
24105188	24128181	SNP	1	69	68	68	0.986	1	69	1.0	0	-	0.58	CLEAN_HOM
24105188	24130774	SNP	1	67	67	67	1.0	1	67	1.0	0	-	0.582	CLEAN_HOM
24105188	24131708	INDEL	1	68	68	68	1.0	4	54	0.794	2	-2:8	0.636	NOISY_CAND_HET
24105188	24132750	SNP	1	65	65	65	1.0	1	65	1.0	0	-	0.585	CLEAN_HOM
24105188	24133957	SNP	1	61	59	59	0.967	1	61	1.0	0	-	0.59	CLEAN_HOM
24105188	24135747	SNP	1	63	63	63	1.0	1	63	1.0	0	-	0.571	CLEAN_HOM
24105188	24140466	SNP	1	74	74	74	1.0	1	74	1.0	0	-	0.5	CLEAN_HOM
24105188	24142287	SNP	1	76	76	76	1.0	2	76	1.0	0	-	1.0	CLEAN_HET_SNP
5309406	5309406	SNP	1	74	74	74	1.0	2	74	1.0	0	-	0.971	CLEAN_HET_SNP
5309406	5309877	INDEL	1	72	71	71	0.986	3	63	0.875	1	6:5	0.554	NOISY_CAND_HOM
5309406	5311555	SNP	1	73	73	73	1.0	1	73	1.0	0	-	0.534	CLEAN_HOM
5309406	5312402	SNP	1	73	71	71	0.973	1	71	0.973	0	-	0.535	CLEAN_HOM
5309406	5313529	SNP	1	76	75	75	0.987	1	76	1.0	0	-	0.566	CLEAN_HOM
5309406	5313689	SNP	1	75	74	74	0.987	1	75	1.0	0	-	0.56	CLEAN_HOM
5309406	5313920	SNP	1	74	74	74	1.0	1	74	1.0	0	-	0.568	CLEAN_HOM
5309406	5314255	SNP	1	74	72	72	0.973	1	74	1.0	0	-	0.568	CLEAN_HOM
5309406	5314263	SNP	1	74	73	73	0.986	1	74	1.0	0	-	0.568	CLEAN_HOM
5309406	5314326	SNP	1	75	73	73	0.973	1	75	1.0	0	-	0.56	CLEAN_HOM
5309406	5314541	SNP	1	73	72	72	0.986	1	73	1.0	0	-	0.548	CLEAN_HOM
5309406	5314660	SNP	1	71	71	71	1.0	1	71	1.0	0	-	0.571	CLEAN_HOM
5309406	5314935	SNP	1	71	70	70	0.986	1	71	1.0	0	-	0.563	CLEAN_HOM
5309406	5314990	INDEL	1	71	45	45	0.634	1	61	0.859	0	-	0.574	NOISY_CAND_HOM
5309406	5314994	INDEL	1	71	70	70	0.986	1	61	0.859	0	-	0.574	CLEAN_HOM
5309406	5315140	SNP	1	71	70	70	0.986	1	71	1.0	0	-	0.563	CLEAN_HOM
5309406	5315529	SNP	1	69	68	68	0.986	1	69	1.0	0	-	0.551	CLEAN_HOM
5309406	5315551	SNP	1	69	68	68	0.986	1	69	1.0	0	-	0.551	CLEAN_HOM
5309406	5315592	INDEL	1	69	68	68	0.986	2	63	0.913	0	-	1.0	NOISY_CAND_HET
5309406	5315669	SNP	1	69	68	68	0.986	1	69	1.0	0	-	0.551	CLEAN_HOM
5309406	5315765	SNP	1	69	68	68	0.986	1	69	1.0	0	-	0.551	CLEAN_HOM
5309406	5315777	SNP	1	69	68	68	0.986	1	69	1.0	0	-	0.551	CLEAN_HOM
5309406	5315861	SNP	1	69	68	68	0.986	1	69	1.0	0	-	0.551	CLEAN_HOM
5309406	5315889	SNP	1	69	68	68	0.986	1	69	1.0	0	-	0.551	CLEAN_HOM
5309406	5315909	SNP	1	69	68	68	0.986	1	69	1.0	0	-	0.551	CLEAN_HOM
5309406	5316156	SNP	1	70	70	70	1.0	1	70	1.0	0	-	0.543	CLEAN_HOM
5309406	5316361	SNP	1	72	71	71	0.986	1	72	1.0	0	-	0.542	CLEAN_HOM
5309406	5316422	SNP	1	71	71	71	1.0	1	71	1.0	0	-	0.535	CLEAN_HOM
5309406	5316725	SNP	1	72	72	72	1.0	1	72	1.0	0	-	0.542	CLEAN_HOM
5309406	5316907	SNP	1	72	71	71	0.986	1	72	1.0	0	-	0.542	CLEAN_HOM
5309406	5316987	SNP	1	71	70	70	0.986	1	71	1.0	0	-	0.549	CLEAN_HOM
5309406	5317269	SNP	1	71	70	70	0.986	1	71	1.0	0	-	0.521	CLEAN_HOM
5309406	5317426	SNP	1	71	70	70	0.986	1	71	1.0	0	-	0.521	CLEAN_HOM
5309406	5317479	SNP	1	71	70	70	0.986	1	71	1.0	0	-	0.521	CLEAN_HOM
5309406	5317573	SNP	1	71	70	70	0.986	1	71	1.0	0	-	0.514	CLEAN_HOM
5309406	5317830	SNP	1	72	72	72	1.0	1	71	0.986	0	-	0.535	CLEAN_HOM
5309406	5318685	SNP	1	69	69	69	1.0	1	69	1.0	0	-	0.565	CLEAN_HOM
5309406	5318720	SNP	1	69	69	69	1.0	1	69	1.0	0	-	0.565	CLEAN_HOM
5309406	5319087	SNP	1	68	68	68	1.0	1	68	1.0	0	-	0.574	CLEAN_HOM
5309406	5319294	SNP	1	70	70	70	1.0	1	70	1.0	0	-	0.586	CLEAN_HOM
5309406	5319365	INDEL	1	70	27	27	0.386	3	51	0.729	2	-7:12	0.588	NOISY_CAND_HOM
5309406	5319366	INDEL	1	70	70	70	1.0	3	51	0.729	2	-7:12	0.588	CLEAN_HOM
5309406	5319789	SNP	1	68	68	68	1.0	1	67	0.985	0	-	0.597	CLEAN_HOM
5309406	5319892	SNP	1	68	68	68	1.0	1	68	1.0	0	-	0.603	CLEAN_HOM
5309406	5319966	SNP	1	69	69	69	1.0	1	69	1.0	0	-	0.588	CLEAN_HOM
5309406	5320200	SNP	1	68	68	68	1.0	1	68	1.0	0	-	0.603	CLEAN_HOM
5309406	5320338	SNP	1	69	69	69	1.0	1	69	1.0	0	-	0.609	CLEAN_HOM
5309406	5320357	SNP	1	68	69	69	1.015	1	68	1.0	0	-	0.603	CLEAN_HOM
5309406	5320641	SNP	1	68	68	68	1.0	1	68	1.0	0	-	0.618	CLEAN_HOM
5309406	5320814	SNP	1	68	68	68	1.0	1	68	1.0	0	-	0.618	CLEAN_HOM
5309406	5320879	SNP	1	68	68	68	1.0	1	68	1.0	0	-	0.618	CLEAN_HOM
5309406	5320928	SNP	1	68	67	67	0.985	1	68	1.0	0	-	0.618	CLEAN_HOM
5309406	5321054	SNP	1	67	67	67	1.0	1	67	1.0	0	-	0.627	CLEAN_HOM
5309406	5321393	SNP	1	66	66	66	1.0	1	66	1.0	0	-	0.621	CLEAN_HOM
5309406	5321598	SNP	1	68	68	68	1.0	1	68	1.0	0	-	0.603	CLEAN_HOM
5309406	5321957	SNP	1	69	69	69	1.0	1	69	1.0	0	-	0.638	CLEAN_HOM
5309406	5322024	SNP	1	70	70	70	1.0	1	70	1.0	0	-	0.629	CLEAN_HOM
5309406	5322150	SNP	1	70	70	70	1.0	1	70	1.0	0	-	0.629	CLEAN_HOM
5309406	5322204	SNP	1	70	70	70	1.0	1	70	1.0	0	-	0.629	CLEAN_HOM
5309406	5322271	SNP	1	69	69	69	1.0	1	69	1.0	0	-	0.623	CLEAN_HOM
5309406	5322409	SNP	1	70	69	69	0.986	1	70	1.0	0	-	0.629	CLEAN_HOM
5309406	5322505	SNP	1	70	70	70	1.0	1	70	1.0	0	-	0.629	CLEAN_HOM
5309406	5322981	SNP	1	68	68	68	1.0	1	68	1.0	0	-	0.632	CLEAN_HOM
5309406	5323227	SNP	1	69	70	70	1.014	1	69	1.0	0	-	0.609	CLEAN_HOM
5309406	5323450	SNP	1	69	69	69	1.0	1	69	1.0	0	-	0.594	CLEAN_HOM
5309406	5323528	SNP	1	70	68	68	0.971	1	68	0.971	0	-	0.574	CLEAN_HOM
5309406	5323907	SNP	1	68	67	67	0.985	1	68	1.0	0	-	0.588	CLEAN_HOM
5309406	5324212	SNP	1	69	68	68	0.986	1	67	0.971	0	-	0.582	CLEAN_HOM
5309406	5324674	SNP	1	70	68	68	0.971	1	70	1.0	0	-	0.614	CLEAN_HOM
5309406	5324679	SNP	1	70	68	68	0.971	1	70	1.0	0	-	0.614	CLEAN_HOM
5309406	5324749	SNP	1	70	68	68	0.971	1	69	0.986	0	-	0.623	CLEAN_HOM
5309406	5324785	SNP	1	70	68	68	0.971	1	70	1.0	0	-	0.614	CLEAN_HOM
5309406	5324881	SNP	1	70	68	68	0.971	1	70	1.0	0	-	0.614	CLEAN_HOM
5309406	5324949	SNP	1	70	68	68	0.971	1	69	0.986	0	-	0.609	CLEAN_HOM
5309406	5324985	SNP	1	70	68	68	0.971	1	70	1.0	0	-	0.6	CLEAN_HOM
5309406	5325133	SNP	1	70	68	68	0.971	1	69	0.986	0	-	0.609	CLEAN_HOM
5309406	5325395	SNP	1	71	69	69	0.972	1	71	1.0	0	-	0.62	CLEAN_HOM
5309406	5325566	SNP	1	71	69	69	0.972	1	71	1.0	0	-	0.62	CLEAN_HOM
5309406	5325577	INDEL	1	71	7	7	0.099	3	43	0.606	2	-3:20	0.628	NOISY_CAND_HOM
5309406	5325580	INDEL	1	71	70	70	0.986	3	43	0.606	2	-3:20	0.628	CLEAN_HOM
5309406	5325616	SNP	1	72	70	70	0.972	1	72	1.0	0	-	0.625	CLEAN_HOM
5309406	5325830	SNP	1	70	69	69	0.986	1	70	1.0	0	-	0.614	CLEAN_HOM
5309406	5326114	SNP	1	67	66	66	0.985	1	67	1.0	0	-	0.612	CLEAN_HOM
5309406	5326492	SNP	1	68	66	66	0.971	1	68	1.0	0	-	0.603	CLEAN_HOM
5309406	5326513	SNP	1	68	66	66	0.971	1	68	1.0	0	-	0.603	CLEAN_HOM
5309406	5326789	SNP	1	68	63	63	0.926	1	65	0.956	0	-	0.6	CLEAN_HOM
5309406	5327172	INDEL	1	67	12	12	0.179	1	67	1.0	0	-	0.612	NOISY_CAND_HOM
5309406	5327179	INDEL	1	67	66	66	0.985	1	67	1.0	0	-	0.612	CLEAN_HOM
5309406	5328955	SNP	1	70	69	69	0.986	1	70	1.0	0	-	0.614	CLEAN_HOM
5309406	5331126	INDEL	1	75	20	20	0.267	3	49	0.653	1	2:21	0.543	NOISY_CAND_HOM
5309406	5331266	INDEL	1	74	73	73	0.986	2	71	0.959	0	-	1.0	NOISY_CAND_HET
5309406	5332047	SNP	1	74	73	73	0.986	1	74	1.0	0	-	0.595	CLEAN_HOM
5309406	5332173	SNP	1	75	73	73	0.973	1	75	1.0	0	-	0.6	CLEAN_HOM
5309406	5332489	SNP	1	77	76	76	0.987	1	76	0.987	0	-	0.579	CLEAN_HOM
5309406	5332509	SNP	1	77	76	76	0.987	1	77	1.0	0	-	0.571	CLEAN_HOM
5309406	5332523	SNP	1	77	76	76	0.987	1	77	1.0	0	-	0.571	CLEAN_HOM
5309406	5332595	SNP	1	77	76	76	0.987	1	77	1.0	0	-	0.571	CLEAN_HOM
5309406	5333590	SNP	1	77	76	76	0.987	1	77	1.0	0	-	0.571	CLEAN_HOM
5309406	5333651	SNP	1	77	76	76	0.987	1	77	1.0	0	-	0.571	CLEAN_HOM
5309406	5333719	SNP	1	78	77	77	0.987	1	78	1.0	0	-	0.564	CLEAN_HOM
5309406	5334082	SNP	1	77	76	76	0.987	1	77	1.0	0	-	0.571	CLEAN_HOM
5309406	5334450	SNP	1	79	78	78	0.987	1	79	1.0	0	-	0.57	CLEAN_HOM
5309406	5334718	SNP	1	78	77	77	0.987	1	78	1.0	0	-	0.577	CLEAN_HOM
5309406	5335244	SNP	1	73	72	72	0.986	1	73	1.0	0	-	0.548	CLEAN_HOM
5309406	5335995	INDEL	1	74	74	74	1.0	1	69	0.932	0	-	0.565	CLEAN_HOM
5309406	5336325	SNP	1	74	74	74	1.0	1	74	1.0	0	-	0.554	CLEAN_HOM
5309406	5337028	SNP	1	72	72	72	1.0	1	72	1.0	0	-	0.535	CLEAN_HOM
5309406	5337787	INDEL	1	68	66	66	0.971	1	67	0.985	0	-	0.537	CLEAN_HOM
5309406	5337841	SNP	1	67	68	68	1.015	1	67	1.0	0	-	0.552	CLEAN_HOM
5309406	5337877	SNP	1	67	67	67	1.0	1	66	0.985	0	-	0.545	CLEAN_HOM
5309406	5338152	INDEL	1	66	36	36	0.545	2	51	0.773	1	-3:10	0.58	NOISY_CAND_HOM
5309406	5338155	INDEL	1	66	57	57	0.864	2	52	0.788	1	-3:9	0.588	CLEAN_HOM
5309406	5338364	SNP	1	66	66	66	1.0	1	66	1.0	0	-	0.561	CLEAN_HOM
5309406	5338495	SNP	1	66	66	66	1.0	1	65	0.985	0	-	0.554	CLEAN_HOM
5309406	5338657	INDEL	1	67	67	67	1.0	2	65	0.97	0	-	0.593	CLEAN_HOM
5309406	5338678	SNP	1	68	68	68	1.0	1	67	0.985	0	-	0.567	CLEAN_HOM
5309406	5339113	SNP	1	68	66	66	0.971	1	67	0.985	0	-	0.552	CLEAN_HOM
5309406	5339188	SNP	1	67	67	67	1.0	1	67	1.0	0	-	0.567	CLEAN_HOM
5309406	5339312	SNP	1	66	67	67	1.015	1	66	1.0	0	-	0.569	CLEAN_HOM
5309406	5339364	INDEL	1	65	40	40	0.615	4	0	0.0	4	34:21	-1.0	NOISY_CAND_HOM
5309406	5339369	INDEL	2	65	36	36	0.554	4	0	0.0	4	34:21	-1.0	NOISY_CAND_HET
5309406	5339485	SNP	1	65	64	64	0.985	1	65	1.0	0	-	0.554	CLEAN_HOM
5309406	5339602	SNP	1	65	65	65	1.0	1	64	0.985	0	-	0.562	CLEAN_HOM
5309406	5339622	SNP	1	65	65	65	1.0	1	64	0.985	0	-	0.562	CLEAN_HOM
5309406	5339941	SNP	1	64	65	65	1.016	1	64	1.0	0	-	0.562	CLEAN_HOM
5309406	5340133	SNP	1	63	64	64	1.016	1	63	1.0	0	-	0.571	CLEAN_HOM
5309406	5340549	SNP	1	65	64	64	0.985	1	65	1.0	0	-	0.538	CLEAN_HOM
5309406	5340620	SNP	1	64	64	64	1.0	1	64	1.0	0	-	0.531	CLEAN_HOM
5309406	5340753	INDEL	1	64	64	64	1.0	2	56	0.875	1	1:8	0.554	CLEAN_HOM
5309406	5340919	SNP	1	63	65	65	1.032	1	63	1.0	0	-	0.524	CLEAN_HOM
5309406	5341029	SNP	1	66	64	64	0.97	1	66	1.0	0	-	0.53	CLEAN_HOM
5309406	5341125	INDEL	1	66	67	67	1.015	1	65	0.985	0	-	0.523	CLEAN_HOM
5309406	5341195	SNP	1	66	66	66	1.0	1	66	1.0	0	-	0.538	CLEAN_HOM
5309406	5341541	SNP	1	66	66	66	1.0	1	66	1.0	0	-	0.545	CLEAN_HOM
5309406	5341615	SNP	1	67	67	67	1.0	1	67	1.0	0	-	0.552	CLEAN_HOM
5309406	5341701	SNP	1	67	67	67	1.0	1	67	1.0	0	-	0.552	CLEAN_HOM
5309406	5341750	SNP	1	67	67	67	1.0	1	67	1.0	0	-	0.552	CLEAN_HOM
5309406	5342052	SNP	1	67	67	67	1.0	1	67	1.0	0	-	0.552	CLEAN_HOM
5309406	5342095	SNP	1	68	67	67	0.985	1	68	1.0	0	-	0.559	CLEAN_HOM
5309406	5342404	SNP	1	66	66	66	1.0	1	66	1.0	0	-	0.576	CLEAN_HOM
5309406	5342624	SNP	1	66	66	66	1.0	1	64	0.97	0	-	0.578	CLEAN_HOM
5309406	5342847	SNP	1	66	66	66	1.0	1	66	1.0	0	-	0.561	CLEAN_HOM
5309406	5342907	SNP	1	66	66	66	1.0	1	66	1.0	0	-	0.561	CLEAN_HOM
5309406	5343544	SNP	1	67	67	67	1.0	1	67	1.0	0	-	0.567	CLEAN_HOM
5309406	5343664	SNP	1	66	68	68	1.03	1	66	1.0	0	-	0.561	CLEAN_HOM
5309406	5343922	SNP	1	67	67	67	1.0	1	67	1.0	0	-	0.582	CLEAN_HOM
5309406	5344154	SNP	1	66	66	66	1.0	1	66	1.0	0	-	0.591	CLEAN_HOM
5309406	5344201	SNP	1	66	66	66	1.0	1	66	1.0	0	-	0.591	CLEAN_HOM
5309406	5344250	SNP	1	66	66	66	1.0	1	66	1.0	0	-	0.591	CLEAN_HOM
5309406	5344287	SNP	1	66	66	66	1.0	1	66	1.0	0	-	0.591	CLEAN_HOM
5309406	5344569	SNP	1	66	66	66	1.0	1	66	1.0	0	-	0.569	CLEAN_HOM
5309406	5344855	SNP	1	67	67	67	1.0	1	67	1.0	0	-	0.582	CLEAN_HOM
5309406	5344969	SNP	1	67	67	67	1.0	1	66	0.985	0	-	0.576	CLEAN_HOM
5309406	5345061	SNP	1	67	67	67	1.0	1	67	1.0	0	-	0.582	CLEAN_HOM
5309406	5345085	SNP	1	67	67	67	1.0	2	67	1.0	0	-	1.0	CLEAN_HET_SNP
12717796	12717796	SNP	1	73	73	73	1.0	2	73	1.0	0	-	1.0	CLEAN_HET_SNP
12717796	12718292	SNP	1	73	73	73	1.0	1	73	1.0	0	-	0.507	CLEAN_HOM
12717796	12718374	SNP	1	74	72	72	0.973	1	72	0.973	0	-	0.5	CLEAN_HOM
12717796	12718458	SNP	1	73	74	74	1.014	1	73	1.0	0	-	0.507	CLEAN_HOM
12717796	12718488	SNP	1	73	73	73	1.0	1	73	1.0	0	-	0.507	CLEAN_HOM
12717796	12718531	SNP	1	74	73	73	0.986	1	74	1.0	0	-	0.5	CLEAN_HOM
12717796	12718552	SNP	1	74	74	74	1.0	1	74	1.0	0	-	0.5	CLEAN_HOM
12717796	12718570	SNP	1	74	73	73	0.986	1	74	1.0	0	-	0.5	CLEAN_HOM
12717796	12718776	SNP	1	73	74	74	1.014	1	73	1.0	0	-	0.507	CLEAN_HOM
12717796	12718888	SNP	1	74	74	74	1.0	1	74	1.0	0	-	0.514	CLEAN_HOM
12717796	12719854	SNP	1	74	74	74	1.0	1	74	1.0	0	-	0.5	CLEAN_HOM
12717796	12719903	SNP	1	74	71	71	0.959	2	73	0.986	0	-	0.508	CLEAN_HOM
12717796	12721008	SNP	1	72	72	72	1.0	1	72	1.0	0	-	0.528	CLEAN_HOM
12717796	12721113	INDEL	1	73	73	73	1.0	3	64	0.877	1	2:5	1.0	NOISY_CAND_HET
12717796	12721375	SNP	1	75	74	74	0.987	1	75	1.0	0	-	0.507	CLEAN_HOM
12717796	12722248	SNP	1	78	77	77	0.987	1	78	1.0	0	-	0.538	CLEAN_HOM
12717796	12723140	SNP	1	76	75	75	0.987	1	75	0.987	0	-	0.533	CLEAN_HOM
12717796	12724266	SNP	1	83	82	82	0.988	1	83	1.0	0	-	0.506	CLEAN_HOM
12717796	12725250	SNP	1	80	78	78	0.975	1	80	1.0	0	-	0.545	CLEAN_HOM
12717796	12725642	INDEL	1	76	76	76	1.0	3	68	0.895	1	2:7	0.603	CLEAN_HOM
12717796	12725811	SNP	1	75	75	75	1.0	1	75	1.0	0	-	0.56	CLEAN_HOM
12717796	12727057	SNP	1	70	71	71	1.014	1	70	1.0	0	-	0.557	CLEAN_HOM
12717796	12728413	SNP	1	76	74	74	0.974	1	76	1.0	0	-	0.553	CLEAN_HOM
12717796	12732115	SNP	1	79	78	78	0.987	1	79	1.0	0	-	0.608	CLEAN_HOM
12717796	12732381	SNP	1	78	77	77	0.987	1	78	1.0	0	-	0.603	CLEAN_HOM
12717796	12732441	INDEL	1	78	11	11	0.141	2	66	0.846	1	-12:6	0.636	NOISY_CAND_HOM
12717796	12732952	SNP	1	80	78	78	0.975	1	80	1.0	0	-	0.613	CLEAN_HOM
12717796	12733026	SNP	1	80	80	80	1.0	1	80	1.0	0	-	0.613	CLEAN_HOM
12717796	12734479	INDEL	1	75	74	74	0.987	1	74	0.987	0	-	0.603	CLEAN_HOM
12717796	12734734	SNP	1	76	75	75	0.987	1	75	0.987	0	-	0.627	CLEAN_HOM
12717796	12735782	INDEL	1	75	74	74	0.987	1	73	0.973	0	-	0.611	CLEAN_HOM
12717796	12735875	SNP	1	75	74	74	0.987	1	75	1.0	0	-	0.613	CLEAN_HOM
12717796	12735895	INDEL	1	75	8	8	0.107	3	61	0.813	1	-2:10	0.923	NOISY_CAND_HOM
12717796	12735985	SNP	1	75	72	72	0.96	1	73	0.973	0	-	0.616	CLEAN_HOM
12717796	12736170	SNP	1	74	74	74	1.0	1	74	1.0	0	-	0.608	CLEAN_HOM
12717796	12736581	SNP	1	74	73	73	0.986	1	73	0.986	0	-	0.616	CLEAN_HOM
12717796	12737035	SNP	1	71	69	69	0.972	1	71	1.0	0	-	0.606	CLEAN_HOM
12717796	12738904	SNP	1	72	70	70	0.972	1	72	1.0	0	-	0.611	CLEAN_HOM
12717796	12740003	INDEL	2	72	15	15	0.208	4	55	0.764	2	4:9	0.5	NOISY_CAND_HET
12717796	12740815	SNP	1	66	65	65	0.985	1	66	1.0	0	-	0.621	CLEAN_HOM
12717796	12741441	SNP	1	65	65	65	1.0	1	65	1.0	0	-	0.615	CLEAN_HOM
12717796	12741704	SNP	1	63	62	62	0.984	1	63	1.0	0	-	0.603	CLEAN_HOM
12717796	12742347	SNP	1	60	58	58	0.967	1	60	1.0	0	-	0.6	CLEAN_HOM
12717796	12742736	SNP	1	60	58	58	0.967	1	60	1.0	0	-	0.617	CLEAN_HOM
12717796	12743004	SNP	1	59	57	57	0.966	1	59	1.0	0	-	0.627	CLEAN_HOM
12717796	12744525	SNP	1	60	59	59	0.983	1	60	1.0	0	-	0.633	CLEAN_HOM
12717796	12746340	SNP	1	57	57	57	1.0	1	57	1.0	0	-	0.667	CLEAN_HOM
12717796	12746440	SNP	1	56	56	56	1.0	1	55	0.982	0	-	0.691	CLEAN_HOM
12717796	12746620	SNP	1	56	56	56	1.0	1	56	1.0	0	-	0.673	CLEAN_HOM
12717796	12747928	SNP	1	59	56	56	0.949	1	56	0.949	0	-	0.696	CLEAN_HOM
12717796	12748766	INDEL	1	60	45	45	0.75	1	48	0.8	0	-	0.667	NOISY_CAND_HOM
12717796	12748772	INDEL	1	60	61	61	1.017	2	49	0.817	1	3:6	0.673	CLEAN_HOM
12717796	12748825	INDEL	1	60	61	61	1.017	2	47	0.783	1	-5:9	0.681	CLEAN_HOM
12717796	12749075	SNP	1	57	56	56	0.982	1	57	1.0	0	-	0.702	CLEAN_HOM
12717796	12749940	SNP	1	58	58	58	1.0	1	58	1.0	0	-	0.707	CLEAN_HOM
12717796	12749998	INDEL	1	58	49	49	0.845	1	49	0.845	0	-	0.735	NOISY_CAND_HOM
12717796	12752291	SNP	1	52	53	53	1.019	2	52	1.0	0	-	1.0	CLEAN_HET_SNP
39838293	39838293	SNP	1	64	64	64	1.0	2	64	1.0	0	-	1.0	CLEAN_HET_SNP
39838293	39845582	INDEL	1	71	66	66	0.93	3	52	0.732	1	-2:11	0.6	NOISY_CAND_HET
39838293	39846792	INDEL	2	67	50	50	0.746	3	44	0.657	1	48:10	1.0	NOISY_CAND_HET
39838293	39848374	INDEL	1	67	65	65	0.97	2	65	0.97	0	-	0.933	NOISY_CAND_HET
39838293	39848888	INDEL	1	64	63	63	0.984	2	60	0.938	0	-	1.0	NOISY_CAND_HET
39838293	39849434	INDEL	1	63	61	61	0.968	1	59	0.937	0	-	0.559	CLEAN_HOM
39838293	39856144	SNP	1	70	70	70	1.0	2	65	0.929	0	-	1.0	NOISY_CAND_HET
39838293	39860488	INDEL	1	58	48	48	0.828	2	47	0.81	0	-	1.0	NOISY_CAND_HET
39838293	39868811	SNP	1	63	60	60	0.952	2	63	1.0	0	-	1.0	CLEAN_HET_SNP
