gap_left	gap_right	gap_bp	hiphase_spans	hiphase_interior_sites	hiphase_interior_snps	longphase_spans	longphase_interior_sites	longphase_interior_snps	whatshap_opt_spans	whatshap_opt_interior_sites	whatshap_opt_interior_snps	n_tools_spanning
50488	59458	8970	1	1	1	1	1	1	1	1	1	3
93144	130540	37396	0	2	2	0	2	2	0	2	2	0
514902	545002	30100	1	7	6	1	6	6	1	7	6	3
545002	549789	4787	1	4	2	1	2	2	1	5	2	3
549789	549797	8	1	1	1	1	1	1	1	1	1	3
549797	555423	5626	1	5	4	1	4	4	1	5	4	3
864134	890260	26126	1	3	0	0	0	0	1	3	0	2
890260	890261	1	1	1	1	0	1	1	1	1	1	2
890261	890262	1	1	2	2	1	2	2	1	2	2	3
890262	902806	12544	1	5	2	1	2	2	1	3	2	3
1086625	1110921	24296	1	3	2	1	2	2	1	3	2	3
1115860	1142089	26229	0	4	3	0	3	3	0	3	3	0
1172882	1196967	24085	1	8	4	1	5	5	1	9	5	3
1196967	1197105	138	1	2	1	1	1	1	1	2	1	3
1197105	1200625	3520	1	2	2	1	2	2	1	2	2	3
1499101	1523721	24620	1	3	2	0	2	2	1	3	2	2
1651447	1690618	39171	0	3	2	0	2	2	0	2	2	0
1893861	1893904	43	1	0	0	1	0	0	1	0	0	3
1893904	1893924	20	1	0	0	1	0	0	1	0	0	3
1893947	1893961	14	1	0	0	1	0	0	1	0	0	3
1893961	1893975	14	1	0	0	1	0	0	1	0	0	3
1893989	1894022	33	1	0	0	1	0	0	1	0	0	3
1894022	1894126	104	1	0	0	1	0	0	1	0	0	3
1894175	1894225	50	1	0	0	1	0	0	1	0	0	3
1894242	1894338	96	1	0	0	1	0	0	1	0	0	3
1894898	1894979	81	1	0	0	1	0	0	1	0	0	3
1894979	1895036	57	1	0	0	1	0	0	1	0	0	3
1895039	1895063	24	1	0	0	1	0	0	1	0	0	3
1895063	1895209	146	1	0	0	1	0	0	1	0	0	3
1896919	1896947	28	1	0	0	1	0	0	1	0	0	3
1896947	1896958	11	1	0	0	1	1	1	1	0	0	3
1896958	1896975	17	1	0	0	1	2	2	1	1	1	3
1897059	1897073	14	1	0	0	1	0	0	1	0	0	3
1897073	1897185	112	1	1	1	1	1	1	1	1	1	3
1897353	1897364	11	1	1	1	1	1	1	1	1	1	3
1897367	1897380	13	1	0	0	1	0	0	1	0	0	3
1897534	1897671	137	1	0	0	1	0	0	1	0	0	3
1897814	1901899	4085	1	1	1	1	1	1	1	1	1	3
1903555	1903567	12	1	0	0	1	0	0	1	0	0	3
1903567	1903622	55	1	0	0	1	0	0	1	0	0	3
1903731	1903785	54	1	0	0	1	0	0	1	0	0	3
1903785	1903840	55	1	0	0	1	0	0	1	0	0	3
1904011	1904031	20	1	0	0	1	0	0	1	0	0	3
1904367	1904705	338	1	4	4	1	4	4	1	4	4	3
1904878	1904943	65	1	1	1	1	3	3	1	3	3	3
1906181	1906190	9	1	0	0	1	1	1	1	1	1	3
2232258	2264116	31858	0	2	2	0	2	2	0	2	2	0
2298732	2342133	43401	0	5	2	0	2	2	0	4	2	0
3529324	3550839	21515	1	3	3	1	3	3	1	3	3	3
3573979	3597791	23812	0	2	2	0	2	2	0	2	2	0
3786668	3806891	20223	1	6	2	1	2	2	1	5	2	3
3806891	3808368	1477	1	2	2	1	2	2	1	2	2	3
3835043	3891442	56399	1	14	3	0	3	3	0	9	3	1
3891442	3893326	1884	1	3	2	1	2	2	1	2	2	3
3956345	3981464	25119	1	3	2	0	2	2	0	2	2	1
4011717	4033448	21731	1	10	3	1	4	4	1	6	3	3
4033448	4033822	374	1	2	2	1	2	2	1	2	2	3
4033822	4043659	9837	1	6	2	1	2	2	1	3	2	3
4473275	4501106	27831	0	2	2	0	2	2	0	2	2	0
4525585	4570122	44537	0	2	2	0	2	2	0	2	2	0
4618685	4642430	23745	1	3	2	1	2	2	1	2	2	3
4642430	4646873	4443	1	2	2	1	2	2	1	2	2	3
4761808	4792960	31152	1	6	1	0	1	1	1	3	1	2
4854217	4886360	32143	1	5	2	0	2	2	1	4	2	2
5174971	5196043	21072	1	3	2	1	2	2	1	3	2	3
5196043	5239260	43217	0	2	2	0	2	2	0	2	2	0
5242390	5272413	30023	1	4	2	0	2	2	1	3	2	2
5309406	5345085	35679	1	5	2	0	2	2	1	4	2	2
5364960	5393717	28757	0	3	2	0	2	2	0	3	2	0
5511231	5533786	22555	1	4	1	0	1	1	1	3	1	2
6129144	6164984	35840	0	2	2	0	2	2	0	2	2	0
6164984	6167690	2706	1	3	2	1	2	2	1	2	2	3
6485289	6513891	28602	0	2	2	0	2	2	0	2	2	0
6513891	6536071	22180	1	3	2	1	2	2	1	3	2	3
6545826	6582249	36423	0	3	2	0	2	2	0	3	2	0
6621472	6647988	26516	0	4	3	0	3	3	0	4	3	0
6927750	6965188	37438	0	2	2	0	1	1	0	2	2	0
6965188	6997093	31905	1	4	2	0	1	1	1	4	2	2
7028815	7064047	35232	1	3	2	0	2	2	1	3	2	2
7073919	7118617	44698	0	2	2	0	2	2	0	2	2	0
7118617	7133382	14765	1	2	2	1	2	2	1	2	2	3
7163303	7206650	43347	0	4	2	0	2	2	0	4	2	0
7206650	7218910	12260	1	3	2	1	2	2	1	3	2	3
7218910	7250571	31661	1	8	5	1	5	5	1	7	5	3
7264321	7280356	16035	1	4	2	0	2	2	1	2	2	2
7313515	7343405	29890	0	2	2	0	2	2	0	2	2	0
7786257	7808915	22658	1	3	2	1	2	2	1	2	2	3
7808915	7861288	52373	0	3	3	0	3	3	0	2	2	0
7861288	7862614	1326	1	2	2	1	2	2	1	2	2	3
7862614	7887136	24522	0	2	2	0	2	2	0	2	2	0
7887136	7889419	2283	1	2	2	1	2	2	1	2	2	3
7901325	7924485	23160	1	2	2	1	3	3	1	3	3	3
7924485	7947306	22821	1	2	2	1	2	2	1	2	2	3
8001368	8001926	558	1	2	2	1	2	2	1	2	2	3
8001926	8004390	2464	1	2	2	1	2	2	1	2	2	3
8081718	8106314	24596	0	2	2	0	2	2	0	2	2	0
8727358	8769855	42497	0	2	2	0	2	2	0	2	2	0
8915795	8946528	30733	0	3	2	0	3	3	0	2	2	0
8977829	9014032	36203	1	3	2	0	2	2	0	2	2	1
10318335	10343595	25260	1	3	2	0	2	2	1	4	2	2
10727690	10760419	32729	1	4	2	0	2	2	1	3	2	2
11127753	11157086	29333	0	3	2	0	2	2	0	3	2	0
11233845	11262361	28516	1	4	2	0	2	2	0	2	2	1
11426743	11447789	21046	1	2	2	1	2	2	1	2	2	3
11451978	11495992	44014	0	3	3	0	3	3	0	3	3	0
11573074	11599138	26064	1	3	2	0	2	2	0	2	2	1
11599138	11599923	785	1	2	2	1	2	2	1	2	2	3
11701272	11743914	42642	0	1	1	0	1	1	0	1	1	0
11743914	11813668	69754	0	4	1	0	1	1	0	3	1	0
11813668	11822681	9013	1	2	2	1	2	2	1	2	2	3
12220585	12243047	22462	1	5	2	0	2	2	1	4	2	2
12256072	12277078	21006	1	2	2	1	2	2	1	2	2	3
12717796	12752291	34495	1	4	2	0	2	2	1	4	2	2
12954878	13136021	181143	0	3	2	0	2	2	0	3	2	0
13180644	13208341	27697	1	3	2	0	2	2	1	3	2	2
13429829	13465685	35856	0	2	2	0	2	2	0	2	2	0
13480679	13531593	50914	0	4	2	0	2	2	0	4	2	0
13543678	13567196	23518	0	1	1	0	1	1	0	1	1	0
13567196	13624940	57744	0	2	1	0	1	1	0	1	1	0
13691191	13751618	60427	0	4	2	0	2	2	0	2	2	0
13820991	13844727	23736	1	4	2	0	1	1	1	4	2	2
13844727	13882832	38105	0	4	2	0	1	1	0	3	2	0
13894047	13941253	47206	0	2	2	0	2	2	0	2	2	0
13986237	14031529	45292	0	4	2	0	2	2	0	3	2	0
14047082	14074604	27522	0	1	1	0	1	1	0	1	1	0
14074604	14121225	46621	0	2	1	0	0	0	0	2	1	0
14121225	14226685	105460	0	7	2	0	1	1	0	8	2	0
14235594	14272741	37147	0	6	2	0	2	2	0	5	2	0
14446295	14470800	24505	0	2	2	0	2	2	0	2	2	0
14584522	14612632	28110	0	2	2	0	2	2	0	2	2	0
14612632	14631387	18755	1	2	2	1	2	2	1	2	2	3
14644189	14679247	35058	0	4	3	0	3	3	0	3	2	0
14679247	14719378	40131	0	2	2	0	2	2	0	2	2	0
14719378	14729749	10371	1	2	2	1	2	2	1	2	2	3
15015554	15039543	23989	1	3	2	0	2	2	1	3	2	2
15087221	15115387	28166	1	6	2	0	1	1	1	5	2	2
15335938	15380509	44571	0	3	2	0	2	2	0	3	2	0
15568336	15606878	38542	0	4	2	0	2	2	0	3	2	0
16673759	16715241	41482	0	3	2	0	2	2	0	3	2	0
17488211	17521341	33130	1	4	3	1	3	3	1	3	3	3
17607780	17633256	25476	1	4	2	0	1	1	1	3	2	2
17633256	17667022	33766	1	3	2	0	1	1	1	3	2	2
17852024	17883198	31174	1	3	2	0	2	2	1	3	2	2
18194808	18218259	23451	1	2	2	1	2	2	1	2	2	3
18414333	18442592	28259	0	2	2	0	2	2	0	2	2	0
18967586	18999993	32407	1	5	2	0	2	2	1	4	2	2
19358995	19395544	36549	1	6	2	0	2	2	0	4	2	1
19464219	19502530	38311	0	2	2	0	2	2	0	2	2	0
19502530	19526088	23558	1	2	2	1	2	2	1	2	2	3
20493042	20523889	30847	1	8	4	0	4	4	1	7	4	2
20555485	20593835	38350	0	1	1	0	1	1	0	1	1	0
20593835	20617179	23344	0	1	1	0	1	1	0	1	1	0
20662569	20689586	27017	1	4	3	1	3	3	1	4	3	3
20737368	20782736	45368	0	1	1	0	1	1	0	1	1	0
20782736	20813640	30904	0	1	1	0	1	1	0	1	1	0
20874447	20895876	21429	1	2	2	1	2	2	1	3	2	3
21117402	21148338	30936	1	3	2	0	2	2	1	3	2	2
21159070	21183846	24776	1	4	2	1	2	2	1	4	2	3
21183846	21249192	65346	0	4	2	0	2	2	0	4	2	0
21271794	21311107	39313	0	2	1	0	1	1	0	2	1	0
21311107	21343641	32534	0	4	1	0	0	0	0	3	1	0
21375614	21435750	60136	0	7	2	0	1	1	0	7	2	0
21435750	21456826	21076	1	2	2	1	2	2	1	2	2	3
21462358	21506971	44613	0	4	2	0	2	2	0	3	2	0
21532460	21578908	46448	0	3	2	0	1	1	0	2	1	0
21578908	21697140	118232	0	10	2	0	0	0	0	4	1	0
21697140	21734984	37844	0	2	1	0	0	0	0	2	1	0
21736539	21757517	20978	1	2	1	0	1	1	1	2	1	2
21778576	21817199	38623	0	2	2	0	1	1	0	4	2	0
21817199	21845675	28476	1	4	2	0	1	1	1	3	2	2
21909426	21961092	51666	0	2	2	0	2	2	0	2	2	0
22451097	22481532	30435	0	2	2	0	2	2	0	2	2	0
22481532	22493878	12346	1	5	1	1	1	1	1	3	1	3
22497901	22520628	22727	0	2	2	0	2	2	0	2	2	0
22520628	22524082	3454	1	2	2	1	2	2	1	2	2	3
22540640	22565021	24381	0	1	0	0	0	0	0	1	0	0
22565021	22582235	17214	0	2	1	0	1	1	0	1	1	0
22589268	22625517	36249	0	3	2	0	2	2	0	3	2	0
22626813	22668436	41623	0	4	2	0	2	2	0	4	2	0
22702346	22729320	26974	1	4	2	0	2	2	0	2	2	1
22980600	23008891	28291	1	5	2	0	2	2	1	4	2	2
23421003	23449834	28831	1	3	2	0	2	2	1	3	2	2
23460963	23481134	20171	1	3	2	1	2	2	1	2	2	3
23481134	23481187	53	1	2	2	1	2	2	1	2	2	3
23481187	23482489	1302	1	2	2	1	2	2	1	2	2	3
23482489	23503225	20736	1	4	2	1	2	2	1	4	2	3
23689247	23717347	28100	0	4	3	0	3	3	0	4	3	0
23727188	23767415	40227	0	5	2	0	2	2	0	2	2	0
23778215	23810819	32604	0	4	2	0	2	2	0	3	2	0
23888763	23910291	21528	1	3	2	1	2	2	1	2	2	3
23910291	23942879	32588	0	2	2	0	1	1	0	1	1	0
23942879	23976798	33919	1	3	2	0	0	0	0	1	1	1
23976798	24012605	35807	0	4	1	0	0	0	0	4	1	0
24081165	24103779	22614	0	2	2	0	2	2	0	2	2	0
24105188	24142287	37099	1	3	2	0	2	2	0	2	2	1
24357615	24379633	22018	1	2	2	1	2	2	1	2	2	3
24573548	24601281	27733	1	4	1	0	1	1	1	4	1	2
25834662	25883079	48417	1	105	90	1	63	63	0	82	74	2
25944471	25986123	41652	0	21	17	0	22	22	0	14	10	0
26029591	26088679	59088	0	101	87	1	120	120	0	57	51	1
26407782	26412130	4348	1	29	29	1	30	30	1	29	29	3
26412130	26417736	5606	1	18	17	1	20	20	1	13	12	3
26431099	26431104	5	1	1	1	1	1	1	1	1	1	3
26431146	26436165	5019	1	45	45	1	50	50	1	36	36	3
26436586	26437271	685	1	11	11	1	0	0	1	4	4	3
26437271	26437379	108	1	2	2	1	0	0	1	4	4	3
26437379	26437600	221	1	4	4	1	0	0	1	5	5	3
26437600	26437615	15	1	2	2	1	0	0	1	2	2	3
26437615	26438167	552	1	5	5	1	0	0	1	4	4	3
26438997	26439093	96	1	1	1	1	1	1	1	1	1	3
26442822	26442931	109	1	1	1	1	1	1	1	1	1	3
26442931	26442962	31	1	1	1	1	1	1	1	1	1	3
26445161	26445189	28	1	0	0	1	0	0	1	0	0	3
26445189	26445209	20	1	0	0	1	0	0	1	0	0	3
26459641	26459696	55	1	0	0	1	0	0	1	1	1	3
26459696	26459767	71	1	0	0	1	0	0	1	1	1	3
26459767	26459830	63	1	0	0	1	0	0	1	0	0	3
26484063	26484520	457	1	3	2	1	2	2	1	2	2	3
26484520	26484728	208	1	3	3	1	0	0	1	3	3	3
26484728	26484755	27	1	0	0	1	0	0	1	0	0	3
26484755	26484758	3	1	0	0	1	0	0	1	0	0	3
26484758	26484935	177	1	2	2	1	1	1	1	2	2	3
26484935	26485145	210	1	2	2	1	2	2	1	2	2	3
26485145	26485326	181	1	2	2	1	2	2	1	1	1	3
26485326	26485378	52	1	2	2	1	1	1	1	1	1	3
26485378	26485455	77	1	2	2	1	2	2	1	2	2	3
26485455	26485695	240	1	3	3	1	2	2	1	2	2	3
26485695	26487930	2235	1	18	18	1	19	19	1	15	15	3
26487930	26488253	323	1	3	3	1	3	3	1	2	2	3
26488253	26488543	290	1	4	4	1	4	4	1	4	4	3
26488543	26488658	115	1	1	1	1	1	1	1	1	1	3
26488658	26488700	42	1	0	0	1	0	0	1	0	0	3
26488700	26488720	20	1	0	0	1	0	0	1	0	0	3
26488720	26488770	50	1	1	1	1	1	1	1	1	1	3
26488770	26488842	72	1	3	3	1	3	3	1	2	2	3
26488842	26488849	7	1	2	2	1	2	2	1	2	2	3
26488849	26488982	133	1	2	2	1	2	2	1	2	2	3
26488982	26489012	30	1	2	2	1	2	2	1	2	2	3
26489012	26489061	49	1	2	2	1	2	2	1	2	2	3
26489061	26489067	6	1	2	2	1	2	2	1	2	2	3
26489067	26489403	336	1	4	3	1	3	3	1	4	3	3
26489403	26489476	73	1	2	2	1	2	2	1	2	2	3
26489476	26489524	48	1	2	2	1	2	2	1	2	2	3
26489524	26489557	33	1	1	1	1	1	1	1	1	1	3
26489557	26489726	169	1	1	1	1	1	1	1	1	1	3
26489835	26489919	84	1	2	2	1	2	2	1	2	2	3
26490366	26490431	65	1	2	2	1	2	2	1	2	2	3
26490431	26490516	85	1	4	4	1	4	4	1	4	4	3
26490516	26490527	11	1	2	2	1	2	2	1	2	2	3
26490527	26490608	81	1	2	2	1	2	2	1	2	2	3
26490608	26490664	56	1	2	2	1	2	2	1	2	2	3
26490664	26490763	99	1	2	2	1	2	2	1	2	2	3
26490763	26490799	36	1	2	2	1	2	2	1	1	1	3
26490799	26490991	192	1	3	3	1	3	3	1	2	2	3
26490991	26491016	25	1	2	2	1	2	2	1	2	2	3
26491016	26491017	1	1	2	2	1	2	2	1	2	2	3
26491017	26491128	111	1	3	3	1	3	3	1	3	3	3
26491128	26491202	74	1	2	2	1	2	2	1	2	2	3
26491202	26491410	208	1	2	2	1	2	2	1	2	2	3
26502325	26540374	38049	0	33	33	0	34	34	0	30	30	0
26540374	26540377	3	1	0	0	1	0	0	1	0	0	3
26540377	26545073	4696	1	27	27	1	24	24	1	26	25	3
26545073	26545105	32	1	2	2	1	2	2	1	2	2	3
26545105	26545249	144	1	3	3	1	3	3	1	3	3	3
26545249	26545277	28	1	1	1	1	1	1	1	1	1	3
26545277	26545315	38	1	0	0	1	0	0	1	0	0	3
26545315	26545709	394	1	3	3	1	3	3	1	3	3	3
26545709	26545758	49	1	2	2	1	2	2	1	2	2	3
26545758	26545870	112	1	1	1	1	1	1	1	1	1	3
26545870	26545912	42	1	1	1	1	1	1	1	1	1	3
26545912	26545928	16	1	2	2	1	2	2	1	2	2	3
26548725	26549599	874	1	4	4	1	5	5	1	5	5	3
26549599	26549635	36	1	2	2	1	2	2	1	2	2	3
26549635	26549836	201	1	1	1	1	2	2	1	2	2	3
26549836	26549849	13	1	1	1	1	1	1	1	1	1	3
26549849	26549994	145	1	2	2	1	2	2	1	2	2	3
26549994	26550160	166	1	1	1	1	1	1	1	1	1	3
26550160	26550274	114	1	0	0	1	0	0	1	0	0	3
26550274	26550282	8	1	0	0	1	0	0	1	0	0	3
26550282	26550295	13	1	0	0	1	0	0	1	0	0	3
26550295	26550297	2	1	0	0	1	0	0	1	0	0	3
26550297	26550339	42	1	1	1	1	1	1	1	1	1	3
26550339	26550376	37	1	1	1	1	1	1	1	1	1	3
26550376	26550400	24	1	0	0	1	0	0	1	0	0	3
26550400	26550406	6	1	0	0	1	0	0	1	0	0	3
26550406	26550446	40	1	0	0	1	0	0	1	0	0	3
26550446	26550489	43	1	2	2	1	2	2	1	1	1	3
26550489	26550529	40	1	1	1	1	1	1	1	1	1	3
26550529	26550796	267	1	0	0	1	0	0	1	0	0	3
26550796	26550807	11	1	0	0	1	0	0	1	0	0	3
26550807	26550928	121	1	0	0	1	0	0	1	0	0	3
26550928	26551349	421	1	0	0	1	0	0	1	1	1	3
26551349	26551413	64	1	1	1	1	1	1	1	0	0	3
26551413	26551421	8	1	2	2	1	2	2	1	2	2	3
26551421	26551668	247	1	0	0	1	0	0	1	0	0	3
26551668	26551699	31	1	1	1	1	1	1	1	1	1	3
26551699	26551706	7	1	1	1	1	1	1	1	1	1	3
26551706	26551849	143	1	1	1	1	1	1	1	1	1	3
26551849	26551903	54	1	1	1	1	1	1	1	1	1	3
26552120	26552241	121	1	0	0	1	0	0	1	0	0	3
26552241	26552248	7	1	0	0	1	0	0	1	0	0	3
26552248	26552271	23	1	0	0	1	0	0	1	0	0	3
26552271	26552288	17	1	0	0	1	0	0	1	0	0	3
26552288	26552293	5	1	0	0	1	0	0	1	0	0	3
26552293	26552336	43	1	0	0	1	0	0	1	0	0	3
26552336	26552370	34	1	0	0	1	0	0	1	0	0	3
26552370	26552371	1	1	0	0	1	0	0	1	0	0	3
26552371	26552378	7	1	0	0	1	0	0	1	0	0	3
26552378	26552397	19	1	0	0	1	0	0	1	0	0	3
26552397	26552413	16	1	0	0	1	0	0	1	0	0	3
26552413	26552459	46	1	0	0	1	0	0	1	0	0	3
26552459	26552478	19	1	0	0	1	1	1	1	0	0	3
26552478	26552488	10	1	0	0	1	0	0	1	0	0	3
26552488	26552499	11	1	0	0	1	0	0	1	0	0	3
26552499	26552507	8	1	0	0	1	0	0	1	0	0	3
26552556	26552567	11	1	1	1	1	1	1	1	1	1	3
26552567	26552583	16	1	1	1	1	1	1	1	1	1	3
26552583	26552668	85	1	0	0	1	1	1	1	0	0	3
26552726	26552969	243	1	0	0	1	0	0	1	0	0	3
26552969	26553057	88	1	0	0	1	0	0	1	0	0	3
26553057	26553086	29	1	0	0	1	0	0	1	0	0	3
26553086	26553164	78	1	0	0	1	0	0	1	0	0	3
26553164	26553171	7	1	0	0	1	0	0	1	0	0	3
26553171	26553178	7	1	0	0	1	0	0	1	0	0	3
26553178	26553193	15	1	0	0	1	0	0	1	0	0	3
26553193	26553336	143	1	0	0	1	0	0	1	0	0	3
26553336	26553353	17	1	0	0	1	0	0	1	0	0	3
26553353	26553396	43	1	0	0	1	0	0	1	0	0	3
26553396	26553480	84	1	0	0	1	0	0	1	0	0	3
26553480	26553500	20	1	0	0	1	0	0	1	0	0	3
26553500	26553575	75	1	0	0	1	1	1	1	0	0	3
26553575	26553679	104	1	0	0	1	0	0	1	0	0	3
26553679	26553715	36	1	0	0	1	0	0	1	0	0	3
26553715	26553929	214	1	1	1	1	2	2	1	1	1	3
26553929	26554069	140	1	0	0	1	1	1	1	0	0	3
26554069	26554133	64	1	0	0	1	0	0	1	0	0	3
26554133	26554137	4	1	0	0	1	0	0	1	0	0	3
26554137	26554139	2	1	0	0	1	0	0	1	0	0	3
26554139	26554840	701	1	3	3	1	6	6	1	2	2	3
26555429	26563075	7646	1	33	33	1	60	60	1	51	51	3
26563075	26563209	134	1	0	0	1	1	1	1	1	1	3
26563209	26563211	2	1	0	0	1	2	2	1	2	2	3
26563211	26563339	128	1	0	0	1	2	2	1	2	2	3
26563339	26563401	62	1	0	0	1	2	2	1	2	2	3
26563422	26563596	174	1	1	1	1	1	1	1	0	0	3
26563596	26563631	35	1	1	1	1	1	1	1	0	0	3
26563631	26563788	157	1	1	1	1	1	1	1	1	1	3
26565135	26565239	104	1	1	1	1	1	1	1	1	1	3
26566849	26566989	140	1	1	1	1	0	0	1	1	1	3
26566989	26566994	5	1	0	0	1	0	0	1	0	0	3
26566994	26567053	59	1	0	0	1	0	0	1	0	0	3
26567061	26567154	93	1	2	2	1	2	2	1	2	2	3
26567154	26567160	6	1	1	1	1	0	0	1	1	1	3
26567160	26567214	54	1	1	1	1	0	0	1	1	1	3
26567214	26567339	125	1	2	2	1	1	1	1	2	2	3
26567489	26567757	268	1	0	0	1	0	0	1	1	1	3
26567757	26567780	23	1	0	0	1	0	0	1	0	0	3
26567780	26567855	75	1	0	0	1	0	0	1	0	0	3
26567855	26567881	26	1	0	0	1	0	0	1	1	1	3
26567881	26567976	95	1	0	0	1	0	0	1	1	1	3
26567976	26567995	19	1	0	0	1	0	0	1	0	0	3
26567995	26568018	23	1	0	0	1	0	0	1	0	0	3
26568099	26568128	29	1	1	1	1	1	1	1	1	1	3
26568128	26568207	79	1	1	1	1	1	1	1	1	1	3
26568297	26568412	115	1	0	0	1	0	0	1	0	0	3
26568496	26568513	17	1	0	0	1	0	0	1	0	0	3
26568513	26568519	6	1	0	0	1	0	0	1	0	0	3
26568519	26568573	54	1	0	0	1	0	0	1	0	0	3
26568573	26569116	543	1	4	4	1	2	2	1	4	4	3
26569116	26569287	171	1	1	1	1	0	0	1	1	1	3
26569287	26569780	493	1	1	1	1	1	1	1	2	2	3
26569780	26570677	897	1	4	4	1	5	5	1	7	7	3
26570677	26570695	18	1	0	0	1	0	0	1	0	0	3
26570695	26570735	40	1	0	0	1	0	0	1	0	0	3
26570735	26570772	37	1	0	0	1	0	0	1	0	0	3
26570772	26570818	46	1	0	0	1	0	0	1	0	0	3
26570818	26570836	18	1	0	0	1	0	0	1	0	0	3
26570836	26570926	90	1	1	1	1	1	1	1	0	0	3
26570926	26570939	13	1	0	0	1	0	0	1	0	0	3
26570939	26571073	134	1	0	0	1	0	0	1	0	0	3
26571073	26571132	59	1	0	0	1	1	1	1	0	0	3
26571132	26571140	8	1	0	0	1	0	0	1	0	0	3
26571140	26571216	76	1	0	0	1	0	0	1	0	0	3
26582011	26582181	170	1	0	0	1	0	0	1	0	0	3
26582221	26584515	2294	1	8	8	1	8	8	1	8	8	3
26585458	26585575	117	1	0	0	1	0	0	1	0	0	3
26585575	26586784	1209	1	0	0	1	2	2	1	2	2	3
26586784	26586882	98	1	0	0	1	1	1	1	1	1	3
26588144	26588290	146	1	0	0	1	0	0	1	0	0	3
26619986	26620227	241	1	1	1	1	1	1	1	1	1	3
26620227	26621277	1050	1	1	1	1	0	0	1	1	1	3
26621855	26622172	317	1	0	0	1	0	0	1	0	0	3
26624953	26625353	400	1	0	0	1	0	0	1	0	0	3
26625353	26644453	19100	1	127	123	1	120	120	1	121	118	3
26647105	26647345	240	1	2	2	1	2	2	1	2	2	3
26647345	26647419	74	1	1	1	1	1	1	1	1	1	3
26647419	26648226	807	1	2	2	1	2	2	1	2	2	3
26648226	26648340	114	1	0	0	1	0	0	1	0	0	3
26648340	26649361	1021	1	1	1	1	0	0	1	1	1	3
26649361	26649761	400	1	3	3	1	3	3	1	3	3	3
26649761	26649991	230	1	3	3	1	3	3	1	3	3	3
26649991	26650452	461	1	5	5	1	5	5	1	5	5	3
26650452	26650781	329	1	2	2	1	2	2	1	2	2	3
26650781	26651192	411	1	1	1	1	3	3	1	1	1	3
26727582	26727622	40	1	2	2	1	1	1	1	2	2	3
26729263	26749891	20628	1	90	90	1	88	88	1	95	95	3
26763486	26764502	1016	1	1	1	1	1	1	1	2	2	3
26764505	26764633	128	1	0	0	1	0	0	1	0	0	3
26764849	26769526	4677	1	10	10	1	11	11	1	12	12	3
26812960	26813372	412	1	0	0	1	1	1	1	0	0	3
26813372	26813568	196	1	1	1	1	0	0	1	1	1	3
26813964	26814106	142	1	1	1	1	1	1	1	0	0	3
26814299	26814913	614	1	6	5	1	8	8	1	8	8	3
26814913	26814941	28	1	1	1	1	1	1	1	1	1	3
26814941	26815157	216	1	1	1	1	0	0	1	1	1	3
26815764	26815782	18	1	0	0	1	0	0	1	0	0	3
26816826	26816996	170	1	1	1	1	1	1	1	1	1	3
26817379	26817471	92	1	0	0	1	0	0	1	0	0	3
26817471	26818186	715	1	8	8	1	8	8	1	10	10	3
26818186	26818358	172	1	2	2	1	2	2	1	1	1	3
26818358	26818376	18	1	1	1	1	1	1	1	0	0	3
26818376	26818379	3	1	2	2	1	2	2	1	0	0	3
26818379	26818488	109	1	2	2	1	2	2	1	1	1	3
26818488	26818738	250	1	1	0	1	0	0	1	0	0	3
26818738	26818772	34	1	1	1	1	1	1	1	1	1	3
26818772	26818811	39	1	0	0	1	0	0	1	0	0	3
26818811	26819081	270	1	5	5	1	5	5	1	3	3	3
26819081	26819177	96	1	1	1	1	1	1	1	0	0	3
26819177	26819304	127	1	2	2	1	2	2	1	0	0	3
26819304	26819518	214	1	3	3	1	3	3	1	1	1	3
26819518	26819545	27	1	2	2	1	2	2	1	0	0	3
26819545	26820033	488	1	4	4	1	4	4	1	4	4	3
26820033	26820171	138	1	2	2	1	2	2	1	1	1	3
26820379	26820441	62	1	1	1	1	1	1	1	1	1	3
26820664	26820677	13	1	1	1	1	1	1	1	1	1	3
26820841	26820905	64	1	1	1	1	1	1	1	1	1	3
26820947	26820975	28	1	2	2	1	2	2	1	1	1	3
26821604	26823252	1648	1	4	4	1	4	4	1	1	1	3
26824693	26844572	19879	1	51	47	1	32	32	1	39	36	3
26851462	26865043	13581	1	44	44	1	30	30	1	48	48	3
26865043	26865116	73	1	0	0	1	0	0	1	1	1	3
26865468	26866248	780	1	4	4	1	4	4	1	4	4	3
26866631	26866787	156	1	1	1	1	0	0	1	1	1	3
26866787	26866803	16	1	0	0	1	0	0	1	0	0	3
26866803	26866812	9	1	1	1	1	1	1	1	1	1	3
26866812	26866986	174	1	1	1	1	1	1	1	1	1	3
26866986	26867107	121	1	0	0	1	0	0	1	0	0	3
26867107	26867128	21	1	0	0	1	0	0	1	0	0	3
26867128	26867137	9	1	0	0	1	0	0	1	0	0	3
26867137	26867155	18	1	0	0	1	0	0	1	0	0	3
26867155	26867448	293	1	0	0	1	0	0	1	0	0	3
26867448	26867836	388	1	1	1	1	2	2	1	3	3	3
26867836	26867841	5	1	0	0	1	0	0	1	0	0	3
26867841	26867844	3	1	0	0	1	0	0	1	0	0	3
26867844	26867942	98	1	0	0	1	0	0	1	0	0	3
26867942	26867944	2	1	0	0	1	0	0	1	0	0	3
26867944	26867972	28	1	0	0	1	0	0	1	0	0	3
26867972	26867991	19	1	0	0	1	0	0	1	0	0	3
26867991	26868172	181	1	0	0	1	0	0	1	0	0	3
26868172	26868188	16	1	0	0	1	0	0	1	0	0	3
26868188	26868346	158	1	0	0	1	0	0	1	0	0	3
26870049	26875052	5003	1	26	26	1	13	13	1	27	27	3
26875052	26875293	241	1	1	1	1	1	1	1	1	1	3
26875440	26908135	32695	1	98	93	1	89	89	0	74	72	2
26908135	26908293	158	1	1	1	1	1	1	1	1	1	3
26908293	26908319	26	1	2	2	1	2	2	1	1	1	3
26908319	26908324	5	1	2	2	1	2	2	1	2	2	3
26908324	26908327	3	1	2	2	1	2	2	1	2	2	3
26908327	26908329	2	1	1	1	1	1	1	1	1	1	3
26908329	26908411	82	1	0	0	1	0	0	1	0	0	3
26908411	26908438	27	1	0	0	1	0	0	1	0	0	3
26908438	26908457	19	1	0	0	1	0	0	1	0	0	3
26908457	26908469	12	1	0	0	1	0	0	1	0	0	3
26908469	26908527	58	1	0	0	1	0	0	1	0	0	3
26908527	26908575	48	1	2	2	1	2	2	1	1	1	3
26908575	26908767	192	1	2	2	1	2	2	1	2	2	3
26908767	26908858	91	1	0	0	1	0	0	1	0	0	3
26908858	26908996	138	1	1	1	1	1	1	1	1	1	3
26909031	26917515	8484	1	38	37	1	24	24	1	23	23	3
26929696	26946034	16338	1	22	21	1	21	21	1	22	21	3
26967233	26967645	412	1	1	1	1	1	1	1	2	2	3
27000226	27003187	2961	1	2	2	1	2	2	1	2	2	3
27003187	27003264	77	1	2	2	1	2	2	1	2	2	3
27003264	27003349	85	1	1	1	1	1	1	1	1	1	3
27003349	27003358	9	1	1	1	1	1	1	1	1	1	3
27003358	27003433	75	1	2	2	1	2	2	1	2	2	3
27036280	27054839	18559	1	30	29	1	33	33	0	40	40	2
27063087	27132274	69187	1	125	124	1	113	113	1	115	114	3
27132274	27132648	374	1	1	1	1	1	1	1	1	1	3
27132648	27132745	97	1	1	1	1	1	1	1	1	1	3
27132745	27132806	61	1	0	0	1	0	0	1	0	0	3
27132806	27132886	80	1	1	1	1	1	1	1	1	1	3
27132886	27132974	88	1	1	1	1	1	1	1	1	1	3
27132974	27133028	54	1	1	1	1	1	1	1	1	1	3
27133028	27133094	66	1	1	1	1	1	1	1	1	1	3
27133094	27133105	11	1	1	1	1	1	1	1	1	1	3
27133105	27133283	178	1	1	1	1	1	1	1	1	1	3
27133283	27133297	14	1	0	0	1	0	0	1	0	0	3
27133297	27133301	4	1	0	0	1	0	0	1	0	0	3
27133301	27133326	25	1	0	0	1	0	0	1	0	0	3
27133326	27133413	87	1	0	0	1	0	0	1	0	0	3
27133413	27133471	58	1	0	0	1	0	0	1	0	0	3
27133471	27133514	43	1	0	0	1	0	0	1	0	0	3
27133514	27133550	36	1	0	0	1	0	0	1	0	0	3
27133550	27133554	4	1	0	0	1	0	0	1	0	0	3
27133554	27133654	100	1	0	0	1	0	0	1	0	0	3
27133654	27133693	39	1	0	0	1	0	0	1	0	0	3
27133693	27133709	16	1	0	0	1	0	0	1	0	0	3
27133709	27133746	37	1	0	0	1	0	0	1	0	0	3
27133746	27133769	23	1	0	0	1	0	0	1	0	0	3
27133769	27133776	7	1	0	0	1	0	0	1	0	0	3
27133776	27133827	51	1	0	0	1	0	0	1	0	0	3
27133827	27133886	59	1	0	0	1	0	0	1	0	0	3
27133886	27161749	27863	1	85	85	1	84	84	1	78	78	3
27162763	27182475	19712	1	19	19	1	19	19	1	18	18	3
27182475	27202473	19998	1	58	56	1	57	57	1	46	45	3
27202473	27202606	133	1	2	2	1	2	2	1	2	2	3
27202606	27204211	1605	1	20	20	1	22	22	1	21	21	3
27204211	27204220	9	1	1	1	1	1	1	1	1	1	3
27204220	27204253	33	1	1	1	1	1	1	1	2	2	3
27204253	27204384	131	1	1	1	1	1	1	1	2	2	3
27204384	27204387	3	1	1	1	1	1	1	1	2	2	3
27204387	27204622	235	1	1	1	1	1	1	1	2	2	3
27204622	27204626	4	1	2	2	1	2	2	1	2	2	3
27204626	27204778	152	1	2	2	1	2	2	1	2	2	3
27204778	27204831	53	1	2	2	1	2	2	1	2	2	3
27204831	27205031	200	1	1	1	1	1	1	1	1	1	3
27205031	27205117	86	1	1	1	1	1	1	1	1	1	3
27205117	27205133	16	1	2	2	1	2	2	1	2	2	3
27205133	27205242	109	1	1	1	1	1	1	1	1	1	3
27205242	27205369	127	1	1	1	1	1	1	1	1	1	3
27205369	27205470	101	1	2	2	1	2	2	1	2	2	3
27205470	27205511	41	1	2	2	1	2	2	1	2	2	3
27205511	27205527	16	1	2	2	1	2	2	1	2	2	3
27205527	27205552	25	1	2	1	1	1	1	1	2	1	3
27205552	27205556	4	1	2	1	1	1	1	1	2	1	3
27205556	27205694	138	1	2	2	1	2	2	1	2	2	3
27205694	27205721	27	1	2	2	1	2	2	1	2	2	3
27205721	27205769	48	1	1	1	1	1	1	1	1	1	3
27205769	27205933	164	1	1	1	1	1	1	1	1	1	3
27205933	27205939	6	1	2	2	1	2	2	1	2	2	3
27205939	27206021	82	1	1	1	1	1	1	1	1	1	3
27206021	27206039	18	1	0	0	1	0	0	1	1	1	3
27206039	27206086	47	1	1	1	1	1	1	1	2	2	3
27206086	27206103	17	1	2	2	1	2	2	1	2	2	3
27206103	27206115	12	1	2	2	1	2	2	1	2	2	3
27206115	27206162	47	1	1	1	1	2	2	1	2	2	3
27206162	27206256	94	1	1	1	1	2	2	1	2	2	3
27206256	27206261	5	1	1	1	1	1	1	1	2	2	3
27206261	27206289	28	1	1	1	1	1	1	1	2	2	3
27206289	27206388	99	1	2	2	1	2	2	1	2	2	3
27206388	27206476	88	1	1	1	1	1	1	1	2	2	3
27206476	27206537	61	1	1	1	1	1	1	1	2	2	3
27206537	27206542	5	1	2	2	1	2	2	1	2	2	3
27206542	27206650	108	1	1	1	1	1	1	1	1	1	3
27206650	27206652	2	1	0	0	1	0	0	1	0	0	3
27206652	27206662	10	1	1	1	1	1	1	1	1	1	3
27206662	27206686	24	1	2	2	1	2	2	1	2	2	3
27206686	27206720	34	1	2	2	1	2	2	1	2	2	3
27206720	27206870	150	1	2	2	1	2	2	1	2	2	3
27206870	27206930	60	1	2	2	1	2	2	1	2	2	3
27206930	27206933	3	1	2	2	1	2	2	1	2	2	3
27206933	27206935	2	1	2	2	1	2	2	1	2	2	3
27206935	27206941	6	1	2	2	1	2	2	1	2	2	3
27206941	27206972	31	1	1	1	1	1	1	1	1	1	3
27206972	27207103	131	1	0	0	1	0	0	1	1	1	3
27207103	27207106	3	1	0	0	1	0	0	1	2	2	3
27207106	27207427	321	1	1	1	1	1	1	1	2	2	3
27207427	27207445	18	1	2	2	1	2	2	1	2	2	3
27207445	27207564	119	1	2	2	1	2	2	1	2	2	3
27207564	27207869	305	1	2	2	1	2	2	1	2	2	3
27207869	27208143	274	1	2	2	1	2	2	1	2	2	3
27216032	27239480	23448	1	39	39	1	36	36	1	37	37	3
27239480	27239504	24	1	2	2	1	2	2	1	2	2	3
27239504	27239950	446	1	3	3	1	3	3	1	4	4	3
27239950	27240093	143	1	0	0	1	0	0	1	2	2	3
27240093	27240221	128	1	0	0	1	0	0	1	2	2	3
27240221	27240293	72	1	0	0	1	0	0	1	2	2	3
27240293	27240426	133	1	0	0	1	0	0	1	1	1	3
27240426	27240430	4	1	0	0	1	0	0	1	0	0	3
27240430	27240535	105	1	0	0	1	0	0	1	0	0	3
27240535	27240546	11	1	0	0	1	0	0	1	0	0	3
27240546	27240588	42	1	0	0	1	0	0	1	0	0	3
27240588	27240703	115	1	1	1	1	1	1	1	1	1	3
27240703	27240712	9	1	2	2	1	2	2	1	2	2	3
27240712	27269149	28437	1	38	37	1	37	37	1	37	35	3
27269149	27269342	193	1	2	2	1	2	2	1	2	2	3
27269342	27269371	29	1	4	4	1	4	4	1	3	3	3
27269371	27269476	105	1	2	2	1	2	2	1	2	2	3
27301935	27304162	2227	1	7	7	1	7	7	1	6	6	3
27311501	27353814	42313	1	70	70	1	66	66	0	51	51	2
27404510	28222563	818053	0	782	768	0	702	702	0	565	559	0
28238129	28936791	698662	0	601	597	0	541	541	0	369	368	0
28965899	29064791	98892	0	165	160	0	157	157	0	143	139	0
29068370	29068416	46	1	1	1	1	0	0	1	1	1	3
29110025	29110030	5	1	1	1	1	1	1	1	1	1	3
29112572	29112612	40	1	0	0	1	0	0	1	0	0	3
29123905	29172443	48538	1	82	81	1	79	79	1	77	76	3
29172443	29172937	494	1	0	0	1	0	0	1	0	0	3
29172937	29173046	109	1	0	0	1	0	0	1	0	0	3
29173046	29173091	45	1	0	0	1	0	0	1	0	0	3
29173091	29173180	89	1	0	0	1	0	0	1	0	0	3
29173180	29174774	1594	1	2	2	1	2	2	1	2	2	3
29175123	29177307	2184	1	9	9	1	8	8	1	9	9	3
29177307	29177315	8	1	1	1	1	1	1	1	1	1	3
29177315	29177392	77	1	1	1	1	1	1	1	2	2	3
29177392	29177401	9	1	0	0	1	0	0	1	1	1	3
29177401	29177464	63	1	1	1	1	1	1	1	1	1	3
29177464	29177469	5	1	2	2	1	2	2	1	2	2	3
29177469	29177670	201	1	2	2	1	3	3	1	3	3	3
29177670	29177777	107	1	1	1	1	2	2	1	2	2	3
29177777	29177799	22	1	1	1	1	1	1	1	1	1	3
29177799	29177801	2	1	1	1	1	1	1	1	1	1	3
29177801	29177803	2	1	1	1	1	1	1	1	1	1	3
29177803	29177860	57	1	1	1	1	1	1	1	1	1	3
29177860	29177871	11	1	1	1	1	1	1	1	1	1	3
29177871	29177880	9	1	0	0	1	0	0	1	0	0	3
29177880	29177895	15	1	0	0	1	0	0	1	0	0	3
29177895	29177938	43	1	0	0	1	0	0	1	0	0	3
29177938	29178066	128	1	2	2	1	2	2	1	2	2	3
29178066	29178126	60	1	1	1	1	1	1	1	1	1	3
29178126	29178160	34	1	1	1	1	1	1	1	1	1	3
29178160	29178317	157	1	1	1	1	1	1	1	1	1	3
29178317	29178362	45	1	0	0	1	0	0	1	0	0	3
29178362	29178366	4	1	0	0	1	0	0	1	0	0	3
29178366	29178444	78	1	0	0	1	0	0	1	0	0	3
29178444	29180104	1660	1	3	2	1	2	2	1	2	2	3
29180104	29180205	101	1	0	0	1	0	0	1	0	0	3
29180205	29180213	8	1	0	0	1	0	0	1	0	0	3
29180213	29180258	45	1	0	0	1	0	0	1	0	0	3
29180258	29180347	89	1	0	0	1	0	0	1	0	0	3
29180347	29180415	68	1	1	1	1	1	1	1	1	1	3
29180415	29180552	137	1	2	2	1	2	2	1	2	2	3
29180552	29180727	175	1	2	2	1	2	2	1	2	2	3
29180727	29180864	137	1	2	2	1	2	2	1	2	2	3
29180864	29180902	38	1	2	1	1	1	1	1	2	1	3
29180902	29181005	103	1	1	1	1	1	1	1	1	1	3
29181005	29181123	118	1	2	2	1	2	2	1	2	2	3
29181123	29181150	27	1	2	2	1	2	2	1	2	2	3
29181150	29181253	103	1	3	3	1	3	3	1	3	3	3
29181253	29181342	89	1	2	2	1	2	2	1	2	2	3
29181342	29181381	39	1	2	2	1	2	2	1	2	2	3
29181381	29181396	15	1	2	2	1	2	2	1	2	2	3
29181396	29181518	122	1	2	2	1	2	2	1	2	2	3
29181518	29181534	16	1	1	1	1	1	1	1	1	1	3
29181534	29181536	2	1	0	0	1	0	0	1	0	0	3
29181536	29181539	3	1	0	0	1	0	0	1	0	0	3
29181539	29181584	45	1	0	0	1	0	0	1	0	0	3
29181584	29181593	9	1	1	1	1	1	1	1	1	1	3
29181593	29181715	122	1	3	3	1	3	3	1	3	3	3
29181715	29181720	5	1	2	2	1	2	2	1	2	2	3
29181720	29181922	202	1	2	2	1	2	2	1	2	2	3
29181922	29182524	602	1	9	9	1	9	9	1	9	9	3
29182524	29182625	101	1	1	1	1	1	1	1	1	1	3
29182625	29182644	19	1	0	0	1	0	0	1	0	0	3
29182644	29182653	9	1	0	0	1	0	0	1	0	0	3
29182653	29182732	79	1	0	0	1	0	0	1	0	0	3
29182732	29182778	46	1	0	0	1	0	0	1	0	0	3
29182778	29182784	6	1	0	0	1	0	0	1	0	0	3
29182784	29182787	3	1	0	0	1	0	0	1	0	0	3
29182787	29183024	237	1	1	1	1	1	1	1	1	1	3
29183024	29183068	44	1	0	0	1	0	0	1	0	0	3
29183068	29183106	38	1	0	0	1	0	0	1	0	0	3
29183142	29183366	224	1	0	0	1	0	0	1	0	0	3
29183366	29183375	9	1	0	0	1	0	0	1	0	0	3
29183375	29183771	396	1	1	1	1	1	1	1	1	1	3
29183771	29183821	50	1	3	3	1	3	3	1	3	3	3
29183821	29183892	71	1	1	1	1	1	1	1	1	1	3
29183892	29183928	36	1	1	1	1	1	1	1	1	1	3
29183928	29184001	73	1	0	0	1	0	0	1	0	0	3
29184001	29184021	20	1	0	0	1	0	0	1	0	0	3
29184021	29184038	17	1	0	0	1	0	0	1	0	0	3
29184038	29184056	18	1	0	0	1	0	0	1	0	0	3
29184056	29184301	245	1	4	4	1	4	4	1	4	4	3
29184301	29184370	69	1	2	2	1	2	2	1	2	2	3
29184370	29184570	200	1	3	3	1	3	3	1	3	3	3
29184570	29185717	1147	1	0	0	1	0	0	1	0	0	3
29185717	29186354	637	1	4	4	1	4	4	1	4	4	3
29186354	29186585	231	1	1	1	1	1	1	1	1	1	3
29186585	29186640	55	1	0	0	1	0	0	1	0	0	3
29186640	29186825	185	1	1	1	1	1	1	1	1	1	3
29186825	29187000	175	1	1	1	1	1	1	1	1	1	3
29187000	29187027	27	1	3	3	1	3	3	1	3	3	3
29187027	29187111	84	1	2	2	1	2	2	1	2	2	3
29187111	29187393	282	1	2	2	1	2	2	1	2	2	3
29187393	29187492	99	1	1	1	1	1	1	1	1	1	3
29187492	29187536	44	1	1	1	1	1	1	1	1	1	3
29187536	29187546	10	1	0	0	1	0	0	1	0	0	3
29187546	29187568	22	1	0	0	1	0	0	1	0	0	3
29187568	29187634	66	1	1	1	1	1	1	1	1	1	3
29187634	29187649	15	1	1	1	1	1	1	1	1	1	3
29187649	29187716	67	1	1	1	1	1	1	1	1	1	3
29187716	29187779	63	1	0	0	1	0	0	1	0	0	3
29187779	29187793	14	1	0	0	1	0	0	1	0	0	3
29187793	29187830	37	1	0	0	1	0	0	1	0	0	3
29187830	29189259	1429	1	7	7	1	8	8	1	7	7	3
29194855	29222091	27236	1	41	41	1	39	39	1	38	38	3
29222091	29222306	215	1	0	0	1	0	0	1	0	0	3
29222306	29228000	5694	1	1	1	1	3	3	1	1	1	3
29228000	29232764	4764	1	2	2	1	2	2	1	2	2	3
29232764	29232779	15	1	0	0	1	0	0	1	0	0	3
29232779	29232784	5	1	0	0	1	0	0	1	0	0	3
29232784	29232796	12	1	0	0	1	0	0	1	0	0	3
29232796	29232814	18	1	0	0	1	0	0	1	0	0	3
29232814	29232827	13	1	0	0	1	0	0	1	0	0	3
29232898	29232976	78	1	2	1	1	0	0	1	1	1	3
29232976	29233005	29	1	1	1	1	0	0	1	1	1	3
29233005	29233052	47	1	1	1	1	0	0	1	1	1	3
29233052	29233070	18	1	2	2	1	0	0	1	2	2	3
29233070	29233238	168	1	1	1	1	0	0	1	1	1	3
29233238	29233241	3	1	0	0	1	0	0	1	0	0	3
29233241	29233258	17	1	0	0	1	0	0	1	0	0	3
29233258	29233262	4	1	0	0	1	0	0	1	0	0	3
29233262	29233290	28	1	0	0	1	0	0	1	0	0	3
29233290	29233563	273	1	3	3	1	2	2	1	3	3	3
29233563	29233572	9	1	0	0	1	0	0	1	0	0	3
29233572	29233791	219	1	0	0	1	0	0	1	0	0	3
29233843	29233976	133	1	0	0	1	0	0	1	0	0	3
29233976	29233998	22	1	1	1	1	0	0	1	1	1	3
29233998	29234112	114	1	1	1	1	0	0	1	1	1	3
29234112	29234145	33	1	0	0	1	0	0	1	0	0	3
29234145	29234166	21	1	0	0	1	0	0	1	0	0	3
29234166	29234168	2	1	0	0	1	0	0	1	0	0	3
29234168	29234196	28	1	0	0	1	0	0	1	0	0	3
29234196	29234199	3	1	0	0	1	0	0	1	0	0	3
29234199	29234260	61	1	1	1	1	0	0	1	1	1	3
29234260	29235154	894	1	7	7	1	4	4	1	7	7	3
29235154	29235163	9	1	2	2	1	1	1	1	2	2	3
29235163	29235164	1	1	1	1	1	0	0	1	1	1	3
29235164	29235226	62	1	1	1	1	0	0	1	1	1	3
29235226	29238051	2825	1	10	10	1	5	5	1	9	9	3
29238051	29238055	4	1	0	0	1	0	0	1	0	0	3
29238055	29238092	37	1	0	0	1	0	0	1	1	1	3
29238092	29238411	319	1	1	1	1	1	1	1	1	1	3
29238411	29238497	86	1	1	1	1	1	1	1	0	0	3
29238497	29238545	48	1	0	0	1	0	0	1	0	0	3
29238545	29238560	15	1	0	0	1	0	0	1	0	0	3
29238560	29238577	17	1	0	0	1	0	0	1	0	0	3
29238577	29239758	1181	1	6	6	1	5	5	1	1	1	3
29239758	29239762	4	1	0	0	1	0	0	1	0	0	3
29239762	29239777	15	1	0	0	1	0	0	1	0	0	3
29239777	29239830	53	1	0	0	1	0	0	1	0	0	3
29239830	29239840	10	1	1	1	1	1	1	1	0	0	3
29239840	29239888	48	1	1	1	1	1	1	1	0	0	3
29239888	29244081	4193	1	9	9	1	10	10	1	8	8	3
29244081	29244132	51	1	0	0	1	0	0	1	0	0	3
29244132	29244231	99	1	1	1	1	1	1	1	0	0	3
29244231	29244425	194	1	2	2	1	2	2	1	0	0	3
29244425	29244498	73	1	2	2	1	2	2	1	0	0	3
29244498	29244606	108	1	1	1	1	1	1	1	0	0	3
29244606	29244646	40	1	0	0	1	0	0	1	0	0	3
29244646	29244649	3	1	0	0	1	0	0	1	0	0	3
29244649	29244668	19	1	0	0	1	0	0	1	0	0	3
29244668	29244707	39	1	0	0	1	0	0	1	0	0	3
29244707	29244745	38	1	0	0	1	0	0	1	0	0	3
29244745	29244758	13	1	0	0	1	0	0	1	0	0	3
29244758	29244841	83	1	1	1	1	1	1	1	0	0	3
29244841	29270077	25236	1	10	9	1	10	10	1	6	5	3
29270164	29270196	32	1	0	0	1	0	0	1	0	0	3
29270196	29270227	31	1	1	1	1	1	1	1	1	1	3
29270227	29270232	5	1	2	2	1	2	2	1	2	2	3
29270232	29270237	5	1	2	2	1	2	2	1	2	2	3
29270237	29270322	85	1	2	2	1	2	2	1	2	2	3
29270322	29270340	18	1	2	2	1	2	2	1	2	2	3
29270359	29270411	52	1	1	1	1	1	1	1	1	1	3
29270411	29270413	2	1	1	1	1	1	1	1	1	1	3
29270548	29270558	10	1	2	2	1	2	2	1	2	2	3
29270558	29270592	34	1	1	1	1	1	1	1	1	1	3
29270648	29270656	8	1	0	0	1	0	0	1	0	0	3
29270656	29270675	19	1	1	1	1	1	1	1	1	1	3
29270735	29270741	6	1	3	3	1	3	3	1	3	3	3
29270741	29270795	54	1	1	1	1	1	1	1	1	1	3
29270915	29270917	2	1	2	2	1	2	2	1	2	2	3
29270917	29270943	26	1	2	2	1	2	2	1	2	2	3
29270943	29270974	31	1	1	1	1	1	1	1	1	1	3
29270996	29271227	231	1	0	0	1	0	0	1	0	0	3
29271227	29271243	16	1	0	0	1	0	0	1	0	0	3
29271243	29271255	12	1	0	0	1	0	0	1	0	0	3
29271255	29271263	8	1	0	0	1	0	0	1	0	0	3
29271263	29271265	2	1	0	0	1	0	0	1	0	0	3
29271265	29271284	19	1	0	0	1	0	0	1	0	0	3
29271284	29271296	12	1	0	0	1	0	0	1	0	0	3
29271296	29271304	8	1	0	0	1	0	0	1	0	0	3
29271304	29271319	15	1	0	0	1	0	0	1	0	0	3
29271319	29271328	9	1	0	0	1	0	0	1	0	0	3
29271328	29271332	4	1	0	0	1	0	0	1	0	0	3
29271332	29271335	3	1	0	0	1	0	0	1	0	0	3
29271335	29271336	1	1	0	0	1	0	0	1	0	0	3
29271336	29271346	10	1	0	0	1	0	0	1	0	0	3
29271346	29271348	2	1	0	0	1	0	0	1	0	0	3
29271348	29271356	8	1	0	0	1	0	0	1	0	0	3
29271356	29271360	4	1	0	0	1	0	0	1	0	0	3
29271360	29271369	9	1	0	0	1	0	0	1	0	0	3
29271369	29271381	12	1	0	0	1	0	0	1	0	0	3
29271381	29271391	10	1	0	0	1	0	0	1	0	0	3
29271391	29271400	9	1	0	0	1	0	0	1	0	0	3
29271400	29271405	5	1	0	0	1	0	0	1	0	0	3
29271405	29271411	6	1	0	0	1	0	0	1	0	0	3
29271411	29271414	3	1	0	0	1	0	0	1	0	0	3
29271414	29271417	3	1	0	0	1	0	0	1	0	0	3
29271417	29271425	8	1	0	0	1	0	0	1	0	0	3
29271425	29271427	2	1	0	0	1	0	0	1	0	0	3
29271427	29271442	15	1	0	0	1	0	0	1	0	0	3
29271442	29272021	579	1	0	0	1	0	0	1	0	0	3
29272021	29272046	25	1	0	0	1	0	0	1	0	0	3
29272046	29272099	53	1	0	0	1	0	0	1	0	0	3
29272099	29272598	499	1	0	0	1	0	0	1	0	0	3
29275167	29276478	1311	1	0	0	1	0	0	1	0	0	3
29276478	29276523	45	1	0	0	1	0	0	1	0	0	3
29276523	29276532	9	1	0	0	1	0	0	1	0	0	3
29276532	29276598	66	1	0	0	1	0	0	1	0	0	3
29281435	29281613	178	1	0	0	1	0	0	1	0	0	3
29303534	29310099	6565	1	25	23	1	24	24	1	25	23	3
29323047	29392801	69754	1	94	92	1	94	94	0	53	51	2
29448279	29464703	16424	1	14	13	1	12	12	1	13	13	3
29467402	29496553	29151	1	24	22	1	24	24	1	27	27	3
29496553	29496593	40	1	0	0	1	0	0	1	0	0	3
29496593	29496882	289	1	2	2	1	1	1	1	2	2	3
29496882	29498150	1268	1	5	5	1	4	4	1	5	5	3
29498150	29510999	12849	1	36	36	1	40	40	1	13	13	3
30670536	30782343	111807	0	40	38	0	36	36	0	30	29	0
31789190	31887527	98337	0	34	30	0	39	39	0	27	26	0
32025359	32174519	149160	0	200	119	0	116	116	0	133	82	0
32184751	32203229	18478	1	3	2	0	0	0	1	4	2	2
32312702	32312705	3	1	0	0	0	0	0	1	0	0	2
32312705	32312711	6	1	0	0	0	0	0	1	0	0	2
32312711	32312757	46	1	0	0	0	0	0	1	0	0	2
32312757	32312767	10	1	0	0	0	0	0	1	0	0	2
32312767	32312786	19	1	0	0	0	0	0	1	0	0	2
32312786	32312821	35	1	0	0	0	0	0	1	0	0	2
32312821	32312887	66	1	0	0	0	0	0	1	0	0	2
32312887	32312914	27	1	0	0	0	0	0	1	0	0	2
32312914	32312924	10	1	0	0	0	0	0	1	0	0	2
32312924	32312940	16	1	0	0	0	0	0	1	0	0	2
32312940	32312945	5	1	0	0	0	0	0	1	0	0	2
32312945	32312979	34	1	0	0	0	0	0	1	0	0	2
32312979	32313182	203	1	0	0	0	0	0	1	0	0	2
32313182	32313204	22	1	0	0	0	0	0	1	0	0	2
32313204	32313207	3	1	0	0	0	0	0	1	0	0	2
32313207	32313212	5	1	0	0	0	0	0	1	0	0	2
32313212	32313240	28	1	0	0	0	0	0	1	0	0	2
32313240	32313247	7	1	0	0	0	0	0	1	0	0	2
32313247	32313252	5	1	0	0	0	0	0	1	0	0	2
32313252	32313271	19	1	0	0	0	0	0	1	1	0	2
32313271	32313298	27	1	1	1	0	1	1	1	1	1	2
32313305	32313312	7	1	0	0	1	0	0	1	0	0	3
32313312	32313453	141	1	0	0	1	0	0	1	0	0	3
32313453	32313473	20	1	0	0	1	0	0	1	0	0	3
32313473	32313489	16	1	0	0	1	0	0	1	0	0	3
32313489	32313594	105	1	1	0	1	0	0	1	0	0	3
32313594	32313629	35	1	0	0	1	0	0	1	0	0	3
32313629	32313677	48	1	0	0	1	0	0	1	0	0	3
32313677	32313694	17	1	0	0	1	0	0	1	0	0	3
32313694	32313725	31	1	0	0	1	0	0	1	0	0	3
32313725	32313727	2	1	0	0	1	0	0	1	0	0	3
32313727	32313729	2	1	0	0	1	0	0	1	0	0	3
32313729	32313732	3	1	0	0	1	0	0	1	0	0	3
32313732	32313735	3	1	0	0	1	0	0	1	0	0	3
32313735	32313753	18	1	0	0	1	0	0	1	0	0	3
32313753	32313855	102	1	0	0	1	0	0	1	0	0	3
32313855	32313893	38	1	0	0	1	0	0	1	0	0	3
32313893	32313970	77	1	0	0	1	0	0	1	0	0	3
32313970	32314010	40	1	0	0	1	0	0	1	0	0	3
32314010	32314022	12	1	0	0	1	0	0	1	0	0	3
32314022	32314150	128	1	0	0	1	0	0	1	0	0	3
32314150	32314179	29	1	0	0	1	0	0	1	0	0	3
32314179	32314205	26	1	1	1	1	1	1	1	1	1	3
32314205	32314212	7	1	0	0	1	0	0	1	0	0	3
32314212	32314230	18	1	0	0	1	0	0	1	0	0	3
32314230	32314351	121	1	0	0	1	0	0	1	0	0	3
32314351	32314394	43	1	0	0	1	0	0	1	0	0	3
32314394	32314399	5	1	0	0	1	0	0	1	0	0	3
32314399	32314411	12	1	1	0	1	0	0	1	1	0	3
32314411	32314416	5	1	0	0	1	0	0	1	0	0	3
32314416	32314468	52	1	0	0	1	0	0	1	0	0	3
32314468	32314521	53	1	0	0	1	0	0	1	0	0	3
32314521	32314542	21	1	0	0	1	0	0	1	0	0	3
32314542	32314553	11	1	0	0	1	0	0	1	0	0	3
32314553	32314556	3	1	0	0	1	0	0	1	0	0	3
32314556	32314564	8	1	0	0	1	0	0	1	0	0	3
32314564	32314627	63	1	0	0	1	0	0	1	0	0	3
32314627	32314673	46	1	0	0	1	0	0	1	0	0	3
32314673	32314675	2	1	0	0	1	0	0	1	0	0	3
32314675	32314707	32	1	0	0	1	0	0	1	0	0	3
32314707	32314723	16	1	0	0	1	0	0	1	0	0	3
32314723	32314733	10	1	0	0	1	0	0	1	0	0	3
32314733	32314756	23	1	0	0	1	0	0	1	0	0	3
32314756	32314765	9	1	0	0	1	0	0	1	0	0	3
32314765	32314801	36	1	0	0	1	0	0	1	0	0	3
32314801	32314815	14	1	0	0	1	0	0	1	0	0	3
32314815	32314823	8	1	0	0	1	0	0	1	0	0	3
32314823	32315068	245	1	0	0	1	0	0	1	0	0	3
32315068	32315103	35	1	0	0	1	0	0	1	0	0	3
32315127	32315129	2	1	0	0	1	0	0	1	0	0	3
32315129	32315134	5	1	0	0	1	0	0	1	0	0	3
32315168	32315172	4	1	0	0	1	0	0	1	0	0	3
32315172	32315229	57	1	0	0	1	0	0	1	0	0	3
32315229	32316585	1356	1	3	3	1	0	0	1	3	3	3
32316585	32316607	22	1	0	0	1	0	0	1	0	0	3
32316607	32317190	583	1	2	2	0	2	2	1	1	1	2
32317190	32317431	241	1	0	0	0	0	0	1	0	0	2
32317431	32317780	349	1	0	0	0	0	0	1	0	0	2
32317780	32318071	291	1	0	0	0	0	0	1	0	0	2
32318071	32318222	151	1	0	0	0	0	0	1	0	0	2
32318222	32319314	1092	1	0	0	0	0	0	1	0	0	2
32319314	32319487	173	1	0	0	0	0	0	1	0	0	2
32319487	32319944	457	1	0	0	0	0	0	1	0	0	2
32319944	32320174	230	1	0	0	0	0	0	1	0	0	2
32320174	32334774	14600	1	36	29	0	1	1	1	31	28	2
32334774	32334779	5	1	0	0	1	0	0	1	0	0	3
32337036	32397764	60728	0	43	11	0	3	3	0	42	10	0
32432281	32449137	16856	0	2	0	0	1	1	1	4	1	1
32449137	32449140	3	0	0	0	0	0	0	1	0	0	1
32449140	32449145	5	0	0	0	0	0	0	1	0	0	1
32449145	32449252	107	0	0	0	0	0	0	1	0	0	1
32449252	32449266	14	0	0	0	0	0	0	1	0	0	1
32449266	32449309	43	0	0	0	0	0	0	1	0	0	1
32449309	32449315	6	0	0	0	0	0	0	1	0	0	1
32449315	32449350	35	0	0	0	0	0	0	1	0	0	1
32449350	32449409	59	0	0	0	0	0	0	1	0	0	1
32449409	32449412	3	0	0	0	0	0	0	1	0	0	1
32449412	32449417	5	0	0	0	0	0	0	1	0	0	1
32449417	32449422	5	0	0	0	0	0	0	1	0	0	1
32449422	32449500	78	0	0	0	0	0	0	1	0	0	1
32449500	32449504	4	0	0	0	0	0	0	1	0	0	1
32493092	32516870	23778	1	30	22	1	22	22	1	29	22	3
32521867	32714242	192375	0	27	10	0	10	10	0	35	8	0
32714242	32732198	17956	1	3	1	1	1	1	1	10	1	3
32732198	32907753	175555	0	200	133	0	158	158	0	160	112	0
33210466	33233843	23377	1	7	2	0	1	1	1	5	2	2
33295976	33360820	64844	0	9	4	0	3	3	0	8	3	0
33747591	33792638	45047	0	3	2	0	2	2	0	3	2	0
33797964	33843276	45312	0	5	2	0	2	2	0	5	2	0
33843276	33862148	18872	1	4	2	1	2	2	1	3	2	3
33865506	33889001	23495	0	2	1	0	1	1	0	2	1	0
33909864	33958453	48589	0	3	2	0	2	2	0	3	2	0
33985339	34018169	32830	1	6	1	0	1	1	0	3	1	1
34030463	34055920	25457	1	3	2	0	2	2	1	3	2	2
34079290	34134418	55128	1	5	2	0	2	2	0	4	2	1
34135104	34162219	27115	0	3	2	0	2	2	0	3	2	0
34791342	34811747	20405	1	2	2	1	2	2	1	2	2	3
34864445	34893642	29197	0	2	2	0	2	2	0	2	2	0
35079659	35134302	54643	0	5	1	0	1	1	0	4	1	0
35134302	35160775	26473	0	1	1	0	1	1	0	1	1	0
35164905	35182681	17776	1	2	2	1	2	2	1	2	2	3
35182681	35228062	45381	0	6	4	0	3	3	0	3	2	0
35244059	35357391	113332	1	13	3	0	2	2	1	11	3	2
35370461	35405794	35333	0	2	2	0	2	2	0	2	2	0
35405794	35420660	14866	1	3	2	1	2	2	1	3	2	3
35420660	35454560	33900	0	2	2	0	1	1	0	2	2	0
35454560	35479836	25276	0	3	2	0	1	1	0	2	2	0
35486346	35516845	30499	0	3	2	0	2	2	0	3	2	0
35919404	35939110	19706	1	3	2	1	2	2	1	3	2	3
35947348	35981809	34461	0	2	0	0	0	0	0	1	0	0
35981809	36011708	29899	1	2	1	0	1	1	0	2	1	1
36011708	36016138	4430	1	2	1	1	1	1	1	2	1	3
36032227	36056601	24374	1	5	2	1	2	2	1	4	2	3
36059715	36083127	23412	1	4	2	0	2	2	0	2	2	1
36112837	36156319	43482	0	4	2	0	2	2	0	5	2	0
36247421	36268291	20870	1	3	2	1	2	2	1	2	2	3
36268291	36268558	267	1	2	2	1	2	2	1	2	2	3
36268558	36299817	31259	1	3	2	0	2	2	1	3	2	2
36299817	36317511	17694	1	3	2	1	2	2	1	2	2	3
36332599	36381019	48420	1	9	4	0	5	5	1	7	3	2
36381019	36388588	7569	1	2	2	1	2	2	1	2	2	3
36601930	36629321	27391	1	7	2	0	2	2	1	6	2	2
36629321	36641485	12164	1	5	2	1	2	2	1	5	2	3
36994656	37018950	24294	1	3	2	1	2	2	1	3	2	3
37393302	37425328	32026	0	2	2	0	2	2	0	2	2	0
37442035	37482721	40686	0	5	3	0	3	3	0	4	3	0
37526219	37556826	30607	0	3	2	0	2	2	0	2	2	0
37577111	37606622	29511	0	3	2	0	2	2	0	3	2	0
37642719	37667751	25032	0	2	2	0	1	1	0	2	2	0
37982955	38005401	22446	1	3	1	0	1	1	1	2	1	2
38053801	38094781	40980	0	2	2	0	1	1	0	2	2	0
38094781	38153151	58370	0	4	2	0	1	1	0	4	2	0
38211030	38236063	25033	1	3	2	0	2	2	1	3	2	2
38279170	38303247	24077	1	4	2	1	2	2	1	3	2	3
38317436	38341762	24326	1	5	2	0	2	2	1	4	2	2
38370611	38393470	22859	1	4	2	1	2	2	1	4	2	3
39171490	39204674	33184	0	2	2	0	2	2	0	2	2	0
39204674	39212666	7992	1	3	2	1	2	2	1	2	2	3
39241049	39286408	45359	0	3	2	0	2	2	0	4	2	0
39500428	39500523	95	1	2	1	1	1	1	1	2	1	3
39500523	39506153	5630	1	1	0	1	0	0	1	1	0	3
39838293	39868811	30518	1	7	3	1	3	3	1	7	3	3
40501001	40501038	37	1	2	2	1	2	2	1	2	2	3
40501038	40501252	214	1	3	2	1	2	2	1	3	2	3
40501252	40501500	248	1	2	2	1	2	2	1	2	2	3
40501500	40502003	503	1	2	2	1	2	2	1	2	2	3
40502003	40502848	845	1	2	2	1	2	2	1	2	2	3
40620806	40664185	43379	0	10	2	0	1	1	0	7	2	0
40664185	40722749	58564	0	4	2	0	1	1	0	2	2	0
40722749	40741068	18319	1	2	2	1	2	2	1	2	2	3
41351604	41395719	44115	0	4	2	0	2	2	0	4	2	0
41395719	41404861	9142	1	4	2	1	2	2	1	2	2	3
41425338	41478217	52879	0	2	2	0	1	1	0	2	2	0
41478217	41539049	60832	0	3	2	0	1	1	0	2	2	0
41866917	41898323	31406	1	6	2	0	2	2	1	4	2	2
41898323	41924682	26359	1	8	3	1	3	3	1	5	3	3
42018065	42122863	104798	0	4	2	0	2	2	0	2	2	0
42184827	42208160	23333	1	4	2	1	2	2	1	3	2	3
42414096	42442492	28396	0	2	2	0	1	1	0	2	2	0
42442492	42543112	100620	0	3	2	0	1	1	0	3	2	0
43688351	44228388	540037	0	3	1	0	1	1	0	2	1	0
44228388	44678365	449977	0	2	1	0	0	0	0	1	1	0
44678365	44725977	47612	0	2	1	0	0	0	0	2	1	0
44725977	44830969	104992	0	1	0	0	0	0	0	1	0	0
44830969	44950835	119866	0	1	1	0	0	0	0	3	1	0
44950835	45143091	192256	0	5	2	0	0	0	0	3	1	0
45143091	45143095	4	0	0	0	0	0	0	0	0	0	0
45143095	45391776	248681	0	7	1	0	2	2	0	8	3	0
45391776	45896820	505044	0	14	1	0	1	1	0	12	1	0
46384021	46407462	23441	1	6	2	1	2	2	1	6	2	3
46609387	46629630	20243	1	3	2	1	2	2	1	3	2	3
46636707	46663811	27104	0	2	2	0	2	2	0	2	2	0
46727050	46748667	21617	1	5	5	1	5	5	1	7	5	3
46844468	46895038	50570	0	3	2	0	2	2	0	3	2	0
47003866	47026671	22805	1	5	1	1	1	1	1	4	1	3
47689418	47713869	24451	1	3	2	0	2	2	1	3	2	2
47738673	47762233	23560	1	4	2	0	2	2	1	4	2	2
48022132	48043584	21452	1	3	2	1	2	2	1	3	2	3
48094709	48162480	67771	0	5	2	0	1	1	0	5	2	0
48183976	48229446	45470	1	5	1	0	1	1	1	5	1	2
48925908	48950388	24480	1	3	2	0	2	2	1	3	2	2
48982663	49008322	25659	0	2	2	0	1	1	0	2	2	0
49008322	49031440	23118	0	3	2	0	0	0	0	3	2	0
49031440	49062203	30763	0	3	2	0	1	1	0	3	2	0
49071976	49102876	30900	1	5	3	1	3	3	1	6	3	3
49115016	49148305	33289	0	5	2	0	2	2	0	5	2	0
49399971	49478563	78592	0	2	2	0	2	2	0	2	2	0
49576076	49577597	1521	1	0	0	1	0	0	1	0	0	3
49653565	49655162	1597	1	0	0	1	0	0	1	0	0	3
49681894	49716722	34828	0	5	2	0	2	2	0	4	2	0
49720311	49742973	22662	1	2	2	1	2	2	1	2	2	3
49742973	49788561	45588	1	7	3	0	2	2	1	8	3	2
49788561	49845376	56815	0	3	2	0	1	1	0	2	2	0
49934880	49964968	30088	0	2	2	0	2	2	0	2	2	0
50099530	50127297	27767	0	2	2	0	2	2	0	2	2	0
50127297	50147908	20611	1	2	2	1	2	2	1	2	2	3
50540995	50562066	21071	1	3	2	0	2	2	0	2	2	1
51142695	51165532	22837	1	4	2	1	2	2	1	4	2	3
51235063	51262081	27018	0	2	2	0	2	2	0	2	2	0
52267263	52303113	35850	0	2	2	0	1	1	0	2	2	0
52303113	52356806	53693	0	4	2	0	1	1	0	2	2	0
52356806	52376121	19315	1	4	2	1	2	2	1	4	2	3
52394827	52434849	40022	0	2	2	0	2	2	0	2	2	0
52670510	52696410	25900	0	2	1	0	1	1	0	2	1	0
52696940	52727684	30744	1	3	2	0	1	1	1	3	2	2
53926537	53962801	36264	1	4	2	0	2	2	1	4	2	2
54419033	54453020	33987	0	2	2	0	2	2	0	2	2	0
54547514	54569072	21558	1	3	2	1	2	2	1	3	2	3
54569072	54590762	21690	1	4	2	1	2	2	1	4	2	3
54675445	54702072	26627	1	3	2	0	2	2	1	3	2	2
54894127	54912022	17895	1	2	2	1	2	2	1	2	2	3
54912022	54925587	13565	1	2	1	1	1	1	1	2	1	3
55309475	55382729	73254	0	10	2	0	2	2	0	5	2	0
55472966	55492791	19825	1	4	2	1	2	2	1	3	2	3
55782438	55824242	41804	0	3	2	0	2	2	0	2	2	0
55843827	55889113	45286	1	5	2	0	2	2	1	5	2	2
55999561	56040612	41051	1	5	2	0	2	2	0	4	2	1
56064697	56100715	36018	1	3	2	0	2	2	1	3	2	2
56150368	56201931	51563	1	11	3	0	3	3	0	7	3	1
56293581	56323427	29846	0	2	2	0	2	2	0	2	2	0
56323427	56343002	19575	1	2	2	1	2	2	1	2	2	3
56497168	56542357	45189	0	3	2	0	2	2	0	2	2	0
56662188	56681452	19264	1	4	3	1	3	3	1	4	3	3
57085410	57119478	34068	1	4	2	0	2	2	0	3	2	1
57119478	57123860	4382	1	2	2	1	2	2	1	2	2	3
57465653	57528647	62994	0	6	3	0	3	3	0	6	3	0
57568292	57620633	52341	0	4	1	0	1	1	0	2	1	0
57620633	57622766	2133	1	2	2	1	2	2	1	2	2	3
57622766	57661366	38600	0	3	2	0	2	2	0	2	2	0
57667169	57688923	21754	1	2	2	1	2	2	1	2	2	3
57764235	57785772	21537	1	3	2	1	2	2	1	2	2	3
57797732	57836194	38462	0	2	2	0	2	2	0	2	2	0
57841772	57866713	24941	1	3	2	0	2	2	0	2	2	1
57911734	57934951	23217	1	3	2	1	2	2	1	3	2	3
58247272	58269573	22301	0	1	0	0	0	0	0	1	0	0
58269573	58318451	48878	0	1	1	0	1	1	0	1	1	0
58366458	58391091	24633	0	2	2	0	2	2	0	2	2	0
58392336	58419975	27639	1	3	2	0	2	2	0	2	2	1
58421174	58452672	31498	0	3	2	0	2	2	0	2	2	0
58452672	58452928	256	1	2	2	1	2	2	1	2	2	3
58703912	58747200	43288	1	4	2	0	2	2	0	2	2	1
58747200	58770513	23313	1	3	2	1	2	2	1	3	2	3
58808403	58849519	41116	0	3	3	0	2	2	0	3	3	0
58994554	59046421	51867	1	6	2	0	2	2	0	4	2	1
59825454	59850390	24936	1	6	2	0	2	2	0	4	2	1
59850390	59867460	17070	1	3	2	1	2	2	1	3	2	3
59976772	59976968	196	1	14	9	1	10	10	1	10	9	3
60005003	60013862	8859	1	2	2	1	2	2	1	2	2	3
60033052	60058235	25183	1	4	1	0	2	2	1	3	1	2
60058235	60063142	4907	1	2	1	1	1	1	1	2	1	3
60090439	60114911	24472	1	2	1	0	1	1	0	1	1	1
60257960	60286266	28306	0	2	2	0	2	2	0	2	2	0
60447075	60467115	20040	1	4	1	0	1	1	1	3	1	2
60528530	60552043	23513	0	2	2	0	2	2	0	2	2	0
60581662	60623885	42223	0	3	2	0	1	1	0	3	2	0
60623885	60686879	62994	0	5	3	0	2	2	0	5	3	0
60693683	60723583	29900	0	3	2	0	2	2	0	3	2	0
60897873	60971452	73579	0	5	3	0	3	3	0	5	3	0
60991759	61037147	45388	0	4	2	0	2	2	0	3	2	0
61037147	61043614	6467	1	2	2	1	2	2	1	2	2	3
61115794	61144543	28749	0	4	2	0	2	2	0	4	2	0
61298365	61327386	29021	0	3	2	0	2	2	0	3	2	0
61327386	61333595	6209	1	2	2	1	2	2	1	2	2	3
61343859	61373859	30000	0	2	2	0	2	2	0	2	2	0
61375344	61405579	30235	0	2	2	0	2	2	0	2	2	0
61440518	61487311	46793	0	5	3	0	3	3	0	5	3	0
61664136	61690751	26615	1	2	2	1	2	2	1	2	2	3
61732321	61757551	25230	1	7	3	1	6	6	1	10	6	3
61874243	61914474	40231	0	2	2	0	2	2	0	2	2	0
62351287	62385548	34261	0	2	2	0	2	2	0	2	2	0
62385548	62385585	37	1	1	1	1	1	1	1	1	1	3
62385585	62387511	1926	1	2	1	1	1	1	1	1	1	3
62408056	62432427	24371	1	3	2	0	2	2	1	3	2	2
62623253	62645168	21915	1	4	2	1	2	2	1	3	2	3
63159367	63182011	22644	0	2	2	0	2	2	0	2	2	0
63182011	63183078	1067	1	2	2	1	2	2	1	2	2	3
63945865	63969922	24057	1	3	2	1	2	2	1	3	2	3
64128828	64155215	26387	1	8	3	1	5	5	1	11	5	3
64902581	64913827	11246	1	3	2	0	2	2	1	4	2	2
64913827	64915012	1185	1	3	2	1	2	2	1	3	2	3
65162078	65168109	6031	1	2	1	1	3	3	1	4	3	3
65168109	65168126	17	1	0	0	1	0	0	1	0	0	3
65168126	65168149	23	1	0	0	1	0	0	1	0	0	3
65168149	65168851	702	1	5	0	1	1	1	1	5	1	3
65507780	65508305	525	1	0	0	1	0	0	1	0	0	3
65509301	65509340	39	1	0	0	1	0	0	1	0	0	3
65509340	65509379	39	1	0	0	1	0	0	1	0	0	3
65509379	65510150	771	1	0	0	1	0	0	1	0	0	3
65510150	65510237	87	1	0	0	1	0	0	1	0	0	3
65510237	65510447	210	1	0	0	1	0	0	1	0	0	3
65510447	65513627	3180	1	0	0	1	0	0	1	0	0	3
65513627	65513693	66	1	0	0	1	0	0	1	0	0	3
65513693	65513699	6	1	0	0	1	0	0	1	0	0	3
