region	target_status	left	right	gap_length	primary_mapq30_spanning	intermediate_dv_het_snps	intermediate_dv_het_indels	evidence_class
chr20_863640_890261	split	863640	890261	26621	0	0	5	intermediate_evidence_required
chr20_1086625_1110921	split	1086625	1110921	24296	1	0	1	single_read_bridge_evidence
chr20_1912570_1913054	endpoint_unphased	1912570	1913054	484	45	0	0	endpoint_allele_or_read_tag_audit
chr20_3956345_3981464	split	3956345	3981464	25119	0	0	1	intermediate_evidence_required
chr20_11233845_11262361	split	11233845	11262361	28516	0	0	2	intermediate_evidence_required
chr20_11426743_11447789	split	11426743	11447789	21046	1	0	0	single_read_bridge_evidence
chr20_12721112_12752291	split	12721112	12752291	31179	0	0	1	intermediate_evidence_required
chr20_17607780_17667022	split	17607780	17667022	59242	0	1	3	intermediate_evidence_required
chr20_18194808_18218259	split	18194808	18218259	23451	1	0	0	single_read_bridge_evidence
chr20_19358995_19395544	split	19358995	19395544	36549	0	0	4	intermediate_evidence_required
chr20_20874447_20895876	split	20874447	20895876	21429	1	0	2	single_read_bridge_evidence
chr20_22702346_22729320	split	22702346	22729320	26974	0	0	2	intermediate_evidence_required
chr20_23403554_23445252	split	23403554	23445252	41698	0	1	1	intermediate_evidence_required
chr20_23460963_23481134	split	23460963	23481134	20171	1	0	1	single_read_bridge_evidence
chr20_24105188_24142287	split	24105188	24142287	37099	0	0	1	intermediate_evidence_required
chr20_24357615_24379633	split	24357615	24379633	22018	1	0	0	single_read_bridge_evidence
chr20_34079290_34134418	split	34079290	34134418	55128	0	0	3	intermediate_evidence_required
chr20_34791342_34811747	split	34791342	34811747	20405	1	0	0	single_read_bridge_evidence
chr20_35244059_35357391	split	35244059	35357391	113332	0	1	10	intermediate_evidence_required
chr20_37984529_38008026	split	37984529	38008026	23497	1	0	1	single_read_bridge_evidence
chr20_38259286_38303247	split	38259286	38303247	43961	0	1	2	intermediate_evidence_required
chr20_46727050_46747637	split	46727050	46747637	20587	2	0	2	spanning_read_observation_or_link_conflict
chr20_47671540_47713869	split	47671540	47713869	42329	0	1	1	intermediate_evidence_required
chr20_53926537_53962801	split	53926537	53962801	36264	0	0	2	intermediate_evidence_required
chr20_54894127_54912022	split	54894127	54912022	17895	1	0	0	single_read_bridge_evidence
chr20_57087239_57119478	split	57087239	57119478	32239	0	0	2	intermediate_evidence_required
chr20_57667169_57688923	split	57667169	57688923	21754	1	0	0	single_read_bridge_evidence
chr20_60033052_60056028	split	60033052	60056028	22976	2	0	1	spanning_read_observation_or_link_conflict
chr20_61664136_61690751	split	61664136	61690751	26615	1	0	0	single_read_bridge_evidence
chr20_64902581_64905482	split	64902581	64905482	2901	1	0	1	single_read_bridge_evidence
chr20_26602087_26651086	endpoint_unphased	26602087	26651086	48999	0	191	4	endpoint_allele_or_read_tag_audit
chr20_34864445_34893642	split	34864445	34893642	29197	0	0	1	intermediate_evidence_required
chr20_26626247_26651086	endpoint_unphased	26626247	26651086	24839	0	158	4	endpoint_allele_or_read_tag_audit
chr20_1912570_1913912	endpoint_unphased	1912570	1913912	1342	43	0	1	endpoint_allele_or_read_tag_audit
chr20_61732321_61782778	split	61732321	61782778	50457	0	6	8	intermediate_evidence_required
