gap_left	gap_right	pos	their_type	ref	alt	our_category	our_type	our_dp	our_af	reads_called	reads_scored	segregation	alt_fraction
1087046	1115860	1087046	INS	T	TA	NOISY_CAND_HET	INS	70	0.457143	70	70	0.7857	0.4571
1087046	1115860	1110921	SNP	C	A	CLEAN_HET_SNP	SNP	67	0.462687	68	68	1.0	0.4706
1087046	1115860	1115860	SNP	G	A	CLEAN_HET_SNP	SNP	76	0.460526	76	76	1.0	0.4605
4854217	4878943	4854217	SNP	G	C	CLEAN_HET_SNP	SNP	63	0.587302	63	63	1.0	0.5873
4854217	4878943	4878943	INS	A	AC	NOISY_CAND_HET	INS	46	0.478261	46	46	0.9565	0.4565
7047080	7064047	7047104	INS	A	AA	ABSENT				84	84	0.9286	0.4167
7047080	7064047	7064047	SNP	C	T	CLEAN_HET_SNP	SNP	63	0.444444	63	63	0.9683	0.4444
11235279	11262361	11235281	DEL	ACACA	A	NOISY_CAND_HET	DEL	72	0.569444	49	49	0.8776	0.9592
11235279	11262361	11255370	DEL	AAA	A	NOISY_CAND_HOM	DEL	47	0.893617	55	55	0.8364	0.9273
11235279	11262361	11262361	SNP	T	C	CLEAN_HET_SNP	SNP	72	0.458333	72	72	1.0	0.4583
11517849	11573074	11517849	SNP	C	T	CLEAN_HET_SNP	SNP	76	0.434211	76	76	1.0	0.4342
11517849	11573074	11524204	SNP	G	A	CLEAN_HET_SNP	SNP	78	0.461538	77	77	1.0	0.4675
11517849	11573074	11536442	SNP	T	C	CLEAN_HET_SNP	SNP	76	0.460526	76	76	1.0	0.4605
11517849	11573074	11546581	SNP	G	A	CLEAN_HET_SNP	SNP	75	0.52	75	75	1.0	0.52
11517849	11573074	11549750	DEL	TAC	T	NOISY_CAND_HET	DEL	70	0.485714	77	77	0.9091	0.5325
11517849	11573074	11553383	SNP	G	A	CLEAN_HET_SNP	SNP	75	0.506667	75	75	0.9733	0.5067
11517849	11573074	11563166	DEL	TATATATATATAC	T	NOISY_CAND_HET	DEL	28	1	65	65	0.5385	1.0
11517849	11573074	11563168	DEL	TATATATATAC	T	NOISY_CAND_HET	DEL	28	1	65	65	0.5385	1.0
11517849	11573074	11573074	SNP	G	C	CLEAN_HET_SNP	SNP	67	0.507463	67	67	0.9552	0.5075
12721112	12752291	12721112	INS	A	AT	NOISY_CAND_HET	INS	73	0.452055	73	73	0.9452	0.4247
12721112	12752291	12735894	DEL	TA	T	NOISY_CAND_HOM	DEL	8	1	75	75	0.96	0.6533
12721112	12752291	12752291	SNP	C	T	CLEAN_HET_SNP	SNP	53	0.339623	53	53	1.0	0.3396
13820991	13844727	13820991	SNP	G	A	CLEAN_HET_SNP	SNP	68	0.544118	67	67	1.0	0.5522
13820991	13844727	13828002	INS	A	AC	ABSENT				72	72	0.8611	0.3889
13820991	13844727	13830817	DEL	TGT	T	ABSENT				65	65	1.0	0.4462
13820991	13844727	13844727	SNP	G	A	CLEAN_HET_SNP	SNP	70	0.414286	70	70	1.0	0.4143
15019255	15039543	15019294	DEL	ACACACA	A	ABSENT				64	64	0.9531	0.5312
15019255	15039543	15039543	SNP	A	G	CLEAN_HET_SNP	SNP	58	0.603448	58	58	1.0	0.6034
17642038	17667022	17642038	DEL	AT	A	NOISY_CAND_HET	DEL	75	0.48	75	75	0.9733	0.4933
17642038	17667022	17667022	SNP	G	T	CLEAN_HET_SNP	SNP	55	0.509091	55	55	1.0	0.5091
20493042	20506159	20493042	SNP	C	T	CLEAN_HET_SNP	SNP	60	0.55	60	60	0.9833	0.55
20493042	20506159	20506159	INS	C	CT	NOISY_CAND_HET	INS	72	0.458333	72	72	0.9028	0.4444
21736539	21757517	21736539	DEL	CAT	C	CLEAN_HET_INDEL	DEL	61	0.52459	62	62	1.0	0.5323
21736539	21757517	21757517	SNP	T	C	CLEAN_HET_SNP	SNP	55	0.381818	55	55	1.0	0.3818
23421003	23445252	23421003	SNP	C	T	CLEAN_HET_SNP	SNP	59	0.559322	58	58	0.9828	0.569
23421003	23445252	23445252	DEL	TGAAAGAAGA	T	NOISY_CAND_HET	DEL	58	0.517241	58	58	1.0	0.5172
23942879	23976798	23942879	SNP	G	A	CLEAN_HET_SNP	SNP	57	0.614035	57	57	1.0	0.614
23942879	23976798	23956539	DEL	TTGTGTGTGTG	T	NOISY_CAND_HOM	DEL	31	1	67	67	0.5075	0.9701
23942879	23976798	23976798	SNP	A	G	CLEAN_HET_SNP	SNP	57	0.438596	57	57	0.9474	0.4386
24103779	24142287	24103779	SNP	C	T	CLEAN_HET_SNP	SNP	57	0.438596	57	57	1.0	0.4386
24103779	24142287	24105188	SNP	A	G	CLEAN_HET_SNP	SNP	61	0.459016	61	61	1.0	0.459
24103779	24142287	24121713	INS	C	CTTTT	NOISY_CAND_HET	INS	61	1	71	71	0.5915	0.9859
24103779	24142287	24142287	SNP	A	G	CLEAN_HET_SNP	SNP	76	0.513158	76	76	1.0	0.5132
33960300	33985339	33960300	SNP	G	C	CLEAN_HET_SNP	SNP	66	0.530303	66	66	1.0	0.5303
33960300	33985339	33973490	SNP	C	T	CLEAN_HET_SNP	SNP	57	0.45614	58	58	1.0	0.4655
33960300	33985339	33985339	SNP	G	A	CLEAN_HET_SNP	SNP	65	0.553846	65	65	0.9538	0.5538
33985339	34018169	33989547	INS	A	AT	NOISY_CAND_HET	INS	72	0.430556	74	74	0.6757	0.4189
33985339	34018169	33991879	DEL	CCTTC	C	REP_HET_INDEL	DEL	79	0.518987	79	79	0.9494	0.5316
33985339	34018169	33993357	INS	A	AT	NOISY_CAND_HET	INS	71	0.915493	74	74	0.5541	0.8919
33985339	34018169	34008964	DEL	AA	A	NOISY_CAND_HET	DEL	60	0.683333	61	61	0.8852	0.6885
33985339	34018169	34018169	INS	G	GC	CLEAN_HET_INDEL	INS	54	0.444444	52	52	0.9808	0.4423
34102867	34134418	34102874	DEL	TGT	T	NOISY_CAND_HET	INS	76	0.394737	76	76	1.0	0.3947
34102867	34134418	34122094	DEL	CT	C	NOISY_CAND_HET	DEL	66	0.560606	66	66	0.7727	0.5606
34102867	34134418	34122135	DEL	CTTTTTTTTTT	C	NOISY_CAND_HET	DEL	52	0.5	66	66	1.0	0.4545
34102867	34134418	34134418	SNP	A	G	CLEAN_HET_SNP	SNP	68	0.514706	68	68	0.9706	0.5147
36032227	36059715	36032227	SNP	G	A	CLEAN_HET_SNP	SNP	63	0.555556	63	63	0.9683	0.5556
36032227	36059715	36040406	DEL	ATTAT	A	NOISY_CAND_HET	DEL	61	0.52459	59	59	1.0	0.5254
36032227	36059715	36040431	DEL	TTATT	T	ABSENT				60	60	1.0	0.5167
36032227	36059715	36056326	INS	A	AA	REP_HET_INDEL	INS	51	0.411765	51	51	0.7647	0.4314
36032227	36059715	36056601	SNP	T	G	CLEAN_HET_SNP	SNP	49	0.55102	50	50	1.0	0.56
36032227	36059715	36059715	SNP	T	C	CLEAN_HET_SNP	SNP	52	0.576923	53	53	1.0	0.5849
36268558	36286778	36268558	SNP	A	C	CLEAN_HET_SNP	SNP	68	0.470588	68	68	1.0	0.4706
36268558	36286778	36286778	INS	T	TG	NOISY_CAND_HET	INS	38	0.473684	38	38	0.9737	0.4737
47738673	47755890	47738673	SNP	A	C	CLEAN_HET_SNP	SNP	58	0.448276	58	58	0.9828	0.4483
47738673	47755890	47751480	DEL	CT	C	NOISY_CAND_HET	DEL	58	0.603448	60	60	0.7667	0.7167
48176830	48229446	48176830	DEL	AAC	A	CLEAN_HET_INDEL	DEL	74	0.635135	71	71	0.9859	0.6479
48176830	48229446	48177725	INS	T	TA	NOISY_CAND_HET	INS	74	0.540541	74	74	0.8919	0.5
48176830	48229446	48177780	DEL	GAGAAAGAAAGAAAGAAAGA	G	NOISY_CAND_HOM	DEL	74	0.986486	74	74	0.9459	0.4459
48176830	48229446	48183976	DEL	CCT	C	CLEAN_HET_INDEL	DEL	75	0.44	74	74	1.0	0.4459
48176830	48229446	48204383	DEL	AT	A	NOISY_CAND_HET	DEL	69	0.565217	71	71	0.9577	0.5775
48176830	48229446	48225788	DEL	AAAAAAA	A	NOISY_CAND_HET	DEL	68	0.426471	74	74	1.0	0.4054
48176830	48229446	48229226	DEL	GA	G	NOISY_CAND_HET	DEL	60	0.616667	60	60	0.9333	0.6167
48176830	48229446	48229446	SNP	G	A	CLEAN_HET_SNP	SNP	60	0.583333	60	60	1.0	0.5833
55871836	55883023	55883019	DEL	AATATAT	A	NOISY_CAND_HOM	DEL	37	0.972973	67	67	0.5075	0.9851
56007504	56040612	56007531	DEL	TATATAT	T	REP_HET_INDEL	DEL	59	0.474576	70	70	0.8	0.6857
56007504	56040612	56027378	DEL	TAA	T	NOISY_CAND_HOM	DEL	21	0.952381	49	49	0.9388	0.9184
56007504	56040612	56040612	SNP	C	T	CLEAN_HET_SNP	SNP	62	0.612903	63	63	1.0	0.619
57085410	57104654	57085410	SNP	A	C	CLEAN_HET_SNP	SNP	71	0.450704	71	71	1.0	0.4507
57085410	57104654	57087239	DEL	AT	A	NOISY_CAND_HET	DEL	78	0.589744	78	78	0.9872	0.5897
57085410	57104654	57104654	DEL	TAA	T	NOISY_CAND_HET	INS	31	0.548387	67	67	0.9701	0.3433
58719467	58747200	58719467	DEL	CTTTA	C	NOISY_CAND_HET	INS	60	0.45	60	60	1.0	0.5333
58719467	58747200	58728861	DEL	AGAAAGAAAGAAAAAGAAAG	A	NOISY_CAND_HET	DEL	44	1	49	49	0.6531	1.0
58719467	58747200	58747200	SNP	G	A	CLEAN_HET_SNP	SNP	63	0.52381	63	63	1.0	0.5238
59825454	59842964	59825454	SNP	C	T	CLEAN_HET_SNP	SNP	60	0.45	60	60	1.0	0.45
59825454	59842964	59826795	DEL	AT	A	NOISY_CAND_HET	DEL	58	0.603448	59	59	0.8136	0.6102
60033052	60058235	60033052	SNP	C	G	CLEAN_HET_SNP	SNP	62	0.516129	62	62	0.9839	0.5161
60033052	60058235	60048247	INS	A	AA	NOISY_CAND_HET	DEL	0	0	73	73	0.9041	0.4247
60033052	60058235	60056028	DEL	GA	G	NOISY_CAND_HET	DEL	66	0.484848	70	70	0.9	0.5
60033052	60058235	60058235	DEL	CAT	C	CLEAN_HET_INDEL	DEL	68	0.529412	65	65	1.0	0.5077
60447075	60467115	60447075	DEL	AAT	A	CLEAN_HET_INDEL	DEL	69	0.463768	66	66	1.0	0.4697
60447075	60467115	60453493	DEL	TGTGTGTGG	T	NOISY_CAND_HOM	SNP	41	0.97561	62	62	0.9677	0.5161
60447075	60467115	60453499	DEL	TGG	T	NOISY_CAND_HET	DEL	36	1	38	38	0.8684	0.9211
60447075	60467115	60467115	SNP	A	G	CLEAN_HET_SNP	SNP	65	0.492308	65	65	1.0	0.4923
61664136	61690751	61664136	SNP	T	C	CLEAN_HET_SNP	SNP	65	0.676923	65	65	1.0	0.6769
61664136	61690751	61690751	SNP	T	C	CLEAN_HET_SNP	SNP	85	0.552941	86	86	1.0	0.5581
62408056	62432427	62408056	SNP	A	G	CLEAN_HET_SNP	SNP	80	0.4	80	80	1.0	0.4
62408056	62432427	62410496	DEL	GA	G	NOISY_CAND_HET	DEL	83	0.46988	85	85	0.9176	0.4941
62408056	62432427	62432427	SNP	A	C	CLEAN_HET_SNP	SNP	64	0.5	64	64	0.9688	0.5
